Species,Networks
abarema brachystachya,M_PL_074_08_row_names.csv
abarema jupunba,M_PL_074_04_row_names.csv
abelia grandiflora,M_PL_054_row_names.csv
abelia sp1 m_pl_054,M_PL_054_row_names.csv
abutilon darwinii,M_PL_074_01_row_names.csv
acer carpinifolium,M_PL_057_row_names.csv
acer insulae,M_PL_044_row_names.csv
acer japonicum,M_PL_056_row_names.csv
acer shirasawanum,M_PL_056_row_names.csv
acer ukurunduense,M_PL_056_row_names.csv
achillea alpina,M_PL_056_row_names.csv
achillea millefolium,M_PL_006_row_names.csv; M_PL_019_row_names.csv
achyranthes bidentata,M_PL_057_row_names.csv
aciphylla glacialis,M_PL_019_row_names.csv
acnistus arborescens,M_PL_074_18_row_names.csv
aconitum japonicum montanum,M_PL_056_row_names.csv
aconitum senanense,M_PL_056_row_names.csv
acritopappus longifolius,M_PL_074_17_row_names.csv
actinidia arguta,M_PL_057_row_names.csv
actinidia rufa,M_PL_044_row_names.csv
adenophora triphylla,M_PL_055_row_names.csv; M_PL_056_row_names.csv
aechmea aquilega,M_PL_074_04_row_names.csv
aechmea blumenavii,M_PL_069_01_row_names.csv
aechmea bromeliifolia,M_PL_074_09_row_names.csv
aechmea chantiniii,M_PL_071_row_names.csv
aechmea coelestis,M_PL_074_10_row_names.csv; M_PL_074_13_row_names.csv
aechmea contracta,M_PL_071_row_names.csv; M_PL_074_06_row_names.csv
aechmea corymbosa,M_PL_071_row_names.csv
aechmea dichlamydea,M_PL_074_04_row_names.csv
aechmea distichantha,M_PL_063_row_names.csv; M_PL_074_07_row_names.csv; M_PL_074_08_row_names.csv; M_PL_074_13_row_names.csv
aechmea fendleri,M_PL_074_04_row_names.csv
aechmea gamosepala,M_PL_063_row_names.csv
aechmea lamarchei,M_PL_074_17_row_names.csv
aechmea nudicaulis,M_PL_063_row_names.csv; M_PL_074_04_row_names.csv; M_PL_074_07_row_names.csv; M_PL_074_08_row_names.csv; M_PL_074_10_row_names.csv; M_PL_074_13_row_names.csv
aechmea ornata,M_PL_074_10_row_names.csv
aechmea pectinata,M_PL_074_07_row_names.csv; M_PL_074_08_row_names.csv; M_PL_074_10_row_names.csv; M_PL_074_13_row_names.csv
aechmea phanerophlebia,M_PL_074_09_row_names.csv
aechmea rubiginosa,M_PL_071_row_names.csv
aechmea sp1 m_pl_063,M_PL_063_row_names.csv
aechmea vanhoutteana,M_PL_063_row_names.csv
aechmea williamsii,M_PL_074_06_row_names.csv
aeginetia indica,M_PL_044_row_names.csv
aegiphila perplexa,M_PL_074_04_row_names.csv
aeschynomene indica,M_PL_055_row_names.csv
aesculus camea,M_PL_054_row_names.csv
aesculus sylvatica,M_PL_025_row_names.csv
aetheorrina bulbosa,M_PL_058_row_names.csv
aethusa cynapium,M_PL_017_row_names.csv
agalinis angustifolia,M_PL_074_09_row_names.csv; M_PL_074_17_row_names.csv
agarista coriifolia,M_PL_074_17_row_names.csv
agauria salicifolia,M_PL_060_04_row_names.csv; M_PL_060_05_row_names.csv; M_PL_060_06_row_names.csv; M_PL_060_07_row_names.csv
ageratum houstonianum,M_PL_044_row_names.csv
agrimonia eupatoria,M_PL_017_row_names.csv
agrimonia pilosa,M_PL_057_row_names.csv
agrostis clavata,M_PL_056_row_names.csv
ajuga dictyocarpa,M_PL_044_row_names.csv
akebia quinata,M_PL_057_row_names.csv
alangium platanifolium,M_PL_057_row_names.csv
albizia pedicellaris,M_PL_074_08_row_names.csv
albizia saman,M_PL_074_04_row_names.csv
albizzia julibrissin,M_PL_057_row_names.csv
alisma canaliculatum,M_PL_055_row_names.csv
alium grayi,M_PL_055_row_names.csv
allamanda blanchetii,M_PL_067_row_names.csv
alloplectus savanarum,M_PL_071_row_names.csv
alloplectus sp1 m_pl_074_01,M_PL_074_01_row_names.csv
alocasia odora,M_PL_044_row_names.csv
alpinia formosana,M_PL_044_row_names.csv
alpinia intermedia,M_PL_044_row_names.csv
alpinia sp1 m_pl_044,M_PL_044_row_names.csv
alstonia macrophylla,M_PL_061_07_row_names.csv; M_PL_061_29_row_names.csv; M_PL_061_47_row_names.csv
alstroemeria aurea,M_PL_051_row_names.csv
alstroemeria inodora,M_PL_063_row_names.csv
alyssum maritimum,M_PL_058_row_names.csv
amasonia arborea,M_PL_071_row_names.csv
ampelopsis brevipedunculata,M_PL_044_row_names.csv; M_PL_055_row_names.csv; M_PL_057_row_names.csv
amphicarpaea bracteata,M_PL_057_row_names.csv
amphilophium elongatum,M_PL_074_11_row_names.csv
anadenanthera macrocarpa,M_PL_067_row_names.csv
anaphalis margaritacea,M_PL_056_row_names.csv
andromeda glaucophylla,M_PL_033_row_names.csv
angelica polymorpha,M_PL_056_row_names.csv; M_PL_057_row_names.csv
angelica pubescens,M_PL_056_row_names.csv; M_PL_057_row_names.csv
angelica sylvestris,M_PL_017_row_names.csv
antidesma joponicum,M_PL_044_row_names.csv
antidesma madagascariense,M_PL_060_04_row_names.csv; M_PL_060_05_row_names.csv; M_PL_060_07_row_names.csv; M_PL_060_09_row_names.csv; M_PL_060_19_row_names.csv; M_PL_060_20_row_names.csv
antirhea borbonica,M_PL_060_01_row_names.csv; M_PL_060_02_row_names.csv; M_PL_060_03_row_names.csv; M_PL_060_04_row_names.csv; M_PL_060_05_row_names.csv; M_PL_060_06_row_names.csv; M_PL_060_14_row_names.csv; M_PL_060_15_row_names.csv; M_PL_060_16_row_names.csv; M_PL_060_17_row_names.csv
aphelandra colorata,M_PL_063_row_names.csv
aphelandra longiflora,M_PL_063_row_names.csv
aphelandra macrostachya,M_PL_071_row_names.csv
aphloia theiformis,M_PL_060_01_row_names.csv; M_PL_060_02_row_names.csv; M_PL_060_03_row_names.csv; M_PL_060_04_row_names.csv; M_PL_060_05_row_names.csv; M_PL_060_06_row_names.csv; M_PL_060_08_row_names.csv; M_PL_060_09_row_names.csv; M_PL_060_12_row_names.csv; M_PL_060_14_row_names.csv; M_PL_060_15_row_names.csv; M_PL_060_16_row_names.csv; M_PL_060_17_row_names.csv; M_PL_060_18_row_names.csv; M_PL_060_21_row_names.csv; M_PL_060_22_row_names.csv; M_PL_060_23_row_names.csv; M_PL_060_24_row_names.csv; M_PL_061_18_row_names.csv; M_PL_061_19_row_names.csv; M_PL_061_20_row_names.csv; M_PL_061_22_row_names.csv
apocynaceae sp1 m_pl_074_10,M_PL_074_10_row_names.csv
apocynum cannabinum,M_PL_073_row_names.csv
aquilegia buergeriana,M_PL_056_row_names.csv
arabis hirsuta,M_PL_056_row_names.csv
arabis lyrata kamtschatica,M_PL_056_row_names.csv
arachnothryx gonzaleoides,M_PL_074_14_row_names.csv
aralia cordata,M_PL_057_row_names.csv
aralia nudicaulis,M_PL_004_row_names.csv
aralta elata,M_PL_057_row_names.csv
ardisia nigrescens,M_PL_074_15_row_names.csv
ardisia pusilla,M_PL_044_row_names.csv
ardisia quinquegona,M_PL_044_row_names.csv
ardisia sieboldii,M_PL_044_row_names.csv
aristotelia chilensis,M_PL_051_row_names.csv
arnica alpina,M_PL_024_row_names.csv
aronia melanocarpa,M_PL_033_row_names.csv
arpophyllum giganteum,M_PL_074_15_row_names.csv
arrabidaea sp1 m_pl_074_08,M_PL_074_08_row_names.csv
asclepias cucullata,M_PL_013_row_names.csv
asclepias syriaca,M_PL_073_row_names.csv
asclepias woodii,M_PL_013_row_names.csv
asperula gunnii,M_PL_019_row_names.csv
aspidonepsis diploglossa,M_PL_013_row_names.csv
aspilia foliosa,M_PL_074_09_row_names.csv
aster ageratoides,M_PL_054_row_names.csv; M_PL_057_row_names.csv
aster ageratoides amplexifolius,M_PL_056_row_names.csv; M_PL_057_row_names.csv
aster ageratoides ovatus,M_PL_056_row_names.csv; M_PL_057_row_names.csv
aster asa-grayi,M_PL_044_row_names.csv
aster glehni,M_PL_056_row_names.csv; M_PL_057_row_names.csv
aster subulatus,M_PL_057_row_names.csv
astilbe thunbergii,M_PL_056_row_names.csv; M_PL_057_row_names.csv
astragalus sinicus,M_PL_054_row_names.csv
aucuba japonica,M_PL_054_row_names.csv
baccharis trimera,M_PL_054_row_names.csv
badula insularis,M_PL_060_12_row_names.csv; M_PL_060_24_row_names.csv
badula platiphylla,M_PL_060_06_row_names.csv; M_PL_060_07_row_names.csv; M_PL_060_18_row_names.csv; M_PL_060_19_row_names.csv
baeckia gunniana,M_PL_019_row_names.csv
bakerella hoyifolia,M_PL_060_07_row_names.csv
banisteriopsis muricata,M_PL_059_row_names.csv
banisteriopsis schizoptera,M_PL_059_row_names.csv
banisteriopsis stellaris,M_PL_059_row_names.csv
barbacenia flava,M_PL_074_09_row_names.csv; M_PL_074_17_row_names.csv
barbacenia gardneri,M_PL_074_09_row_names.csv
barbacenia gentianoides,M_PL_074_17_row_names.csv
barbacenia longiflora,M_PL_074_09_row_names.csv
barbacenia luzulifolia,M_PL_074_17_row_names.csv
barnadesia spinosa,M_PL_068_row_names.csv
barringtonia racemosa,M_PL_044_row_names.csv
bauhinia brevipes,M_PL_074_11_row_names.csv
bauhinia cheilantha,M_PL_067_row_names.csv
bauhinia japonica,M_PL_044_row_names.csv
bauhinia rufa,M_PL_074_11_row_names.csv
bejaria aestuans,M_PL_068_row_names.csv; M_PL_074_14_row_names.csv
belamcanda chinensis,M_PL_044_row_names.csv
berberis buxifolia,M_PL_051_row_names.csv
berberis darwinii,M_PL_051_row_names.csv
berberis lutea,M_PL_074_12_row_names.csv
berberis thunbergii,M_PL_054_row_names.csv
bertiera zaluzania,M_PL_060_03_row_names.csv; M_PL_060_04_row_names.csv; M_PL_060_05_row_names.csv; M_PL_060_06_row_names.csv; M_PL_060_15_row_names.csv; M_PL_060_16_row_names.csv; M_PL_060_17_row_names.csv
besella rubra,M_PL_054_row_names.csv
besleria longimucronata,M_PL_063_row_names.csv; M_PL_074_18_row_names.csv
besleria riparia,M_PL_074_03_row_names.csv
besleria solanoides,M_PL_074_01_row_names.csv; M_PL_074_02_row_names.csv; M_PL_074_03_row_names.csv; M_PL_074_16_row_names.csv
bidens frondosa,M_PL_055_row_names.csv
bidens pilosa,M_PL_044_row_names.csv
billbergia amoena,M_PL_063_row_names.csv; M_PL_069_01_row_names.csv; M_PL_074_17_row_names.csv
billbergia decora,M_PL_071_row_names.csv
billbergia porteana,M_PL_074_11_row_names.csv
billbergia pyramidalis,M_PL_074_04_row_names.csv; M_PL_074_07_row_names.csv; M_PL_074_08_row_names.csv; M_PL_074_13_row_names.csv
billbergia vittata,M_PL_074_17_row_names.csv
bistorta tenuicaulis,M_PL_057_row_names.csv
blastus cochinchinensis,M_PL_044_row_names.csv
bomarea brevis,M_PL_074_12_row_names.csv
bomarea carderi,M_PL_074_03_row_names.csv; M_PL_074_16_row_names.csv
bomarea edulis,M_PL_074_13_row_names.csv; M_PL_074_18_row_names.csv
bomarea linifolia,M_PL_068_row_names.csv
bomarea multiflora,M_PL_074_02_row_names.csv; M_PL_074_03_row_names.csv
bomarea pardina,M_PL_074_01_row_names.csv; M_PL_074_02_row_names.csv; M_PL_074_05_row_names.csv
bomarea patinii,M_PL_074_03_row_names.csv
bomarea setacea,M_PL_074_12_row_names.csv
bomarea sp1 m_pl_068,M_PL_068_row_names.csv
bomarea sp1 m_pl_074_16,M_PL_074_16_row_names.csv
bougainvillea sp1 m_pl_074_01,M_PL_074_01_row_names.csv
bouvardia ternifolia,M_PL_070_row_names.csv
brachycome scapiformis,M_PL_019_row_names.csv
brachycome scapigera,M_PL_019_row_names.csv
brachycome sp1 m_pl_019,M_PL_019_row_names.csv
brachycome stolonifera,M_PL_019_row_names.csv
brachyotum ledifolium,M_PL_068_row_names.csv
brachyotum lindenii,M_PL_068_row_names.csv
brachyotum lutescens,M_PL_074_12_row_names.csv
brachyotum naudinii,M_PL_074_12_row_names.csv
brachyotum sp1 m_pl_068,M_PL_068_row_names.csv
brassica campestris,M_PL_044_row_names.csv
brassica fruticulosa,M_PL_058_row_names.csv
bredia hirsuta,M_PL_044_row_names.csv
bromelia antiacantha,M_PL_074_13_row_names.csv
bromelia balansae,M_PL_074_11_row_names.csv
bromelia sp1 m_pl_071,M_PL_071_row_names.csv
brownea coccinea capitella,M_PL_074_04_row_names.csv
brugmansia arborea,M_PL_074_01_row_names.csv
buddleia davidii,M_PL_054_row_names.csv
buddleja brasiliensis,M_PL_074_07_row_names.csv
burmeistera cyclostigmata,M_PL_074_01_row_names.csv
burmeistera multiflora,M_PL_074_02_row_names.csv; M_PL_074_05_row_names.csv
burmeistera sp1 m_pl_074_01,M_PL_074_01_row_names.csv
byrsonima gardnerana,M_PL_059_row_names.csv
caamembeca oleifolia,M_PL_074_09_row_names.csv
cacalia adenostyloides,M_PL_056_row_names.csv
cacalia hastata farfaraefolia,M_PL_056_row_names.csv
caesalpinia pulcherrima,M_PL_065_row_names.csv
caesalpinia pyramidalis,M_PL_067_row_names.csv
calamagrostis arundinacea,M_PL_057_row_names.csv
calathea capitata,M_PL_074_06_row_names.csv
calathea communis,M_PL_074_10_row_names.csv
calathea ischnosiphonoides,M_PL_074_02_row_names.csv
calathea zingiberea,M_PL_071_row_names.csv
calceolaria crenatiflora,M_PL_051_row_names.csv
calliandra guildingii,M_PL_074_04_row_names.csv
calliandra magdalenae,M_PL_074_14_row_names.csv
callianthe rufinerva,M_PL_063_row_names.csv
callicarpa japonica,M_PL_044_row_names.csv; M_PL_054_row_names.csv; M_PL_057_row_names.csv
calolisianthus pendulus,M_PL_074_17_row_names.csv
calolisianthus pulcherrimus,M_PL_074_09_row_names.csv
calophyllum eputamen,M_PL_060_09_row_names.csv; M_PL_060_11_row_names.csv; M_PL_060_12_row_names.csv; M_PL_060_24_row_names.csv
calopogon pulchellus,M_PL_033_row_names.csv
caltha palustris,M_PL_024_row_names.csv
calystegia japonica,M_PL_054_row_names.csv
calystegia sepium,M_PL_073_row_names.csv
camellia japonica,M_PL_054_row_names.csv
camellia sasanqua,M_PL_054_row_names.csv
campanula gieseckiana,M_PL_045_row_names.csv
campanula punctata,M_PL_056_row_names.csv
campnosperma seychellarum,M_PL_061_19_row_names.csv; M_PL_061_23_row_names.csv; M_PL_061_38_row_names.csv
campsis grandiflora,M_PL_054_row_names.csv
campsis radicans,M_PL_073_row_names.csv
canavalia lineata,M_PL_044_row_names.csv
canistrum cyathiforme,M_PL_074_10_row_names.csv
canistrum fragrans,M_PL_074_10_row_names.csv
canistrum perplexum,M_PL_063_row_names.csv
canistrum terminalis,M_PL_074_07_row_names.csv
canna paniculata,M_PL_063_row_names.csv; M_PL_074_18_row_names.csv
canna sp1 m_pl_074_01,M_PL_074_01_row_names.csv
canthium bibracteatum,M_PL_061_03_row_names.csv; M_PL_061_04_row_names.csv; M_PL_061_05_row_names.csv; M_PL_061_06_row_names.csv; M_PL_061_07_row_names.csv; M_PL_061_08_row_names.csv; M_PL_061_11_row_names.csv; M_PL_061_12_row_names.csv; M_PL_061_14_row_names.csv; M_PL_061_15_row_names.csv; M_PL_061_25_row_names.csv; M_PL_061_26_row_names.csv; M_PL_061_28_row_names.csv; M_PL_061_30_row_names.csv; M_PL_061_31_row_names.csv; M_PL_061_32_row_names.csv; M_PL_061_43_row_names.csv; M_PL_061_44_row_names.csv; M_PL_061_46_row_names.csv; M_PL_061_48_row_names.csv
cardamine angustata angustata,M_PL_025_row_names.csv
cardamine regeliana,M_PL_054_row_names.csv; M_PL_057_row_names.csv
cardamine tanakae,M_PL_057_row_names.csv
cardamine tyrata,M_PL_055_row_names.csv
cardiandra alternifolia,M_PL_057_row_names.csv
carex curvicollis,M_PL_057_row_names.csv
carolus chasei,M_PL_059_row_names.csv
carpobrotus sp1 m_pl_058,M_PL_058_row_names.csv
caryocar brasiliense,M_PL_074_11_row_names.csv
casearia coriacea,M_PL_060_09_row_names.csv; M_PL_060_11_row_names.csv; M_PL_060_23_row_names.csv
casearia sylvestris,M_PL_074_11_row_names.csv
castanopsis sieboldii,M_PL_044_row_names.csv
castilleja scorzonerifolia,M_PL_070_row_names.csv
castilleja tenuiflora,M_PL_070_row_names.csv
cavendishia bracteata,M_PL_074_03_row_names.csv; M_PL_074_15_row_names.csv; M_PL_074_16_row_names.csv
cavendishia grandifolia,M_PL_074_01_row_names.csv
cavendishia nitida,M_PL_074_03_row_names.csv
cavendishia sp1 m_pl_074_03,M_PL_074_03_row_names.csv
cavendishia tarapotana,M_PL_074_01_row_names.csv; M_PL_074_05_row_names.csv
cayratia japonica,M_PL_054_row_names.csv
ceiba aesculifolia,M_PL_065_row_names.csv
ceiba glaziovii,M_PL_067_row_names.csv
celmisia longifolia,M_PL_019_row_names.csv
centaurea nigra,M_PL_006_row_names.csv; M_PL_007_row_names.csv; M_PL_017_row_names.csv
centropogon cornutus,M_PL_063_row_names.csv; M_PL_074_04_row_names.csv; M_PL_074_07_row_names.csv; M_PL_074_08_row_names.csv; M_PL_074_13_row_names.csv; M_PL_074_16_row_names.csv; M_PL_074_18_row_names.csv
centropogon curvatus,M_PL_074_03_row_names.csv
centropogon ferrugineus,M_PL_074_03_row_names.csv
centropogon grandidentatus,M_PL_074_15_row_names.csv
centropogon isahellinus,M_PL_074_12_row_names.csv
centropogon latisepalus,M_PL_074_16_row_names.csv
centropogon preslii,M_PL_074_02_row_names.csv
centropogon solanifolius,M_PL_074_02_row_names.csv; M_PL_074_05_row_names.csv
centropogon sp1 m_pl_068,M_PL_068_row_names.csv
centropogon sp3 m_pl_074_01,M_PL_074_01_row_names.csv
cephalanthus occidentalis,M_PL_073_row_names.csv
cerastium alpinum,M_PL_024_row_names.csv; M_PL_045_row_names.csv
cerbera manghas,M_PL_044_row_names.csv
cercis siliquastrum,M_PL_054_row_names.csv
cestrum aurantiacum,M_PL_074_15_row_names.csv
cestrum sp1 m_pl_074_01,M_PL_074_01_row_names.csv
chamaedaphne calyculata,M_PL_033_row_names.csv
chamaenerion angustifolium,M_PL_056_row_names.csv
chamerion angustifolium,M_PL_017_row_names.csv
chassalia coriacea,M_PL_060_03_row_names.csv; M_PL_060_04_row_names.csv; M_PL_060_05_row_names.csv; M_PL_060_15_row_names.csv; M_PL_060_16_row_names.csv; M_PL_060_17_row_names.csv
chassalia petrinensis,M_PL_060_05_row_names.csv
chelidonium majus,M_PL_055_row_names.csv; M_PL_057_row_names.csv
chelonanthus alatus,M_PL_074_04_row_names.csv
chimaphila umbellata,M_PL_004_row_names.csv
chronopappus bifrons,M_PL_074_17_row_names.csv
chrysobalanus icaco,M_PL_061_23_row_names.csv; M_PL_061_30_row_names.csv; M_PL_061_31_row_names.csv; M_PL_061_35_row_names.csv; M_PL_061_37_row_names.csv; M_PL_061_38_row_names.csv; M_PL_061_39_row_names.csv; M_PL_061_40_row_names.csv; M_PL_061_43_row_names.csv; M_PL_061_44_row_names.csv; M_PL_061_46_row_names.csv; M_PL_061_47_row_names.csv; M_PL_061_48_row_names.csv
cimicifuga simplex,M_PL_056_row_names.csv
cinnamomum camphora,M_PL_054_row_names.csv
cinnamomum doederleinii,M_PL_044_row_names.csv
cinnamomum verum,M_PL_061_03_row_names.csv; M_PL_061_09_row_names.csv; M_PL_061_11_row_names.csv; M_PL_061_17_row_names.csv; M_PL_061_19_row_names.csv; M_PL_061_25_row_names.csv; M_PL_061_26_row_names.csv; M_PL_061_27_row_names.csv; M_PL_061_35_row_names.csv; M_PL_061_39_row_names.csv; M_PL_061_43_row_names.csv
cipocereus minensis,M_PL_074_09_row_names.csv; M_PL_074_17_row_names.csv
cirsium arvense,M_PL_006_row_names.csv; M_PL_007_row_names.csv
cirsium brevicaule,M_PL_044_row_names.csv
cirsium effusum,M_PL_056_row_names.csv
cirsium japonicum,M_PL_055_row_names.csv
cirsium microspicatum,M_PL_057_row_names.csv
cirsium nipponica,M_PL_054_row_names.csv
cirsium palustre,M_PL_007_row_names.csv
cirsium sieboldii,M_PL_055_row_names.csv
cissus simsiana,M_PL_067_row_names.csv
cissus verticillata,M_PL_067_row_names.csv
cistus albidus,M_PL_058_row_names.csv
cistus monspeliensis,M_PL_058_row_names.csv
cistus salvifolius,M_PL_058_row_names.csv
citharexylum myrianthum,M_PL_074_10_row_names.csv
citrus sp1 m_pl_074_04,M_PL_074_04_row_names.csv
citrus tachibana,M_PL_054_row_names.csv
cladrastis sikokiana,M_PL_054_row_names.csv
claoxylon linostachys,M_PL_060_01_row_names.csv; M_PL_060_02_row_names.csv; M_PL_060_03_row_names.csv; M_PL_060_04_row_names.csv; M_PL_060_05_row_names.csv; M_PL_060_16_row_names.csv
clathrotropis brachypetala,M_PL_074_04_row_names.csv
claytonia virginica,M_PL_025_row_names.csv
clematis apiifolia,M_PL_057_row_names.csv
clematis grata,M_PL_044_row_names.csv
clematis terniflora,M_PL_044_row_names.csv
clematis vitalba,M_PL_017_row_names.csv
clerodendrum trichotomum,M_PL_044_row_names.csv; M_PL_054_row_names.csv
clethra barbinervis,M_PL_057_row_names.csv
clethra mexicana,M_PL_074_14_row_names.csv
clinopodium chinense grandiflorum,M_PL_056_row_names.csv
clintonia borealis,M_PL_004_row_names.csv
clusia sp4 m_pl_074_01,M_PL_074_01_row_names.csv
cnidoscolus halteris,M_PL_067_row_names.csv
cnidoscolus obtusifolius,M_PL_067_row_names.csv
codonopsis lanceolata,M_PL_057_row_names.csv
coffea macrocarpa,M_PL_060_05_row_names.csv; M_PL_060_06_row_names.csv; M_PL_060_18_row_names.csv
coffea mauritiana,M_PL_060_04_row_names.csv; M_PL_060_05_row_names.csv; M_PL_060_06_row_names.csv; M_PL_060_18_row_names.csv
colea seychellarum,M_PL_061_16_row_names.csv
columnea ciliata,M_PL_074_01_row_names.csv; M_PL_074_02_row_names.csv; M_PL_074_05_row_names.csv
columnea dimidiata,M_PL_074_03_row_names.csv; M_PL_074_16_row_names.csv
columnea ericae,M_PL_071_row_names.csv
columnea mastersonii,M_PL_074_02_row_names.csv; M_PL_074_05_row_names.csv
columnea medicinalis,M_PL_074_01_row_names.csv; M_PL_074_02_row_names.csv
columnea picta,M_PL_074_02_row_names.csv; M_PL_074_05_row_names.csv
columnea sp3 m_pl_074_03,M_PL_074_03_row_names.csv
columnea strigosa,M_PL_074_01_row_names.csv; M_PL_074_02_row_names.csv; M_PL_074_03_row_names.csv; M_PL_074_05_row_names.csv
combretum farinosum,M_PL_065_row_names.csv
combretum llewelynii,M_PL_074_06_row_names.csv
commelina communis,M_PL_055_row_names.csv
commelina erecta,M_PL_073_row_names.csv
conium maculatum,M_PL_073_row_names.csv
conocliniopsis prasiifolia,M_PL_067_row_names.csv
convolvulus althaeoides,M_PL_058_row_names.csv
convolvulus arvensis,M_PL_017_row_names.csv
cordemoya integrifolia,M_PL_060_05_row_names.csv; M_PL_060_06_row_names.csv; M_PL_060_07_row_names.csv; M_PL_060_08_row_names.csv; M_PL_060_11_row_names.csv; M_PL_060_17_row_names.csv; M_PL_060_22_row_names.csv; M_PL_060_23_row_names.csv
cordia bicolor,M_PL_074_04_row_names.csv
cordia curassavica,M_PL_074_04_row_names.csv
cordia multispicata,M_PL_074_08_row_names.csv
cordia seleriana,M_PL_065_row_names.csv
coreopsis basalis,M_PL_054_row_names.csv
cornus canadensis,M_PL_004_row_names.csv
corydalis incisa,M_PL_057_row_names.csv
corydalis pallida,M_PL_057_row_names.csv
corymborkis flava,M_PL_064_row_names.csv
costus scaber,M_PL_071_row_names.csv; M_PL_074_06_row_names.csv
costus sp1 m_pl_074_04,M_PL_074_04_row_names.csv
costus sp1 m_pl_074_16,M_PL_074_16_row_names.csv
costus spiralis,M_PL_074_04_row_names.csv; M_PL_074_06_row_names.csv; M_PL_074_07_row_names.csv; M_PL_074_08_row_names.csv; M_PL_074_10_row_names.csv
couepia schottii,M_PL_074_08_row_names.csv
craspedia sp1 m_pl_019,M_PL_019_row_names.csv
craterispermum microdon,M_PL_061_17_row_names.csv; M_PL_061_18_row_names.csv; M_PL_061_20_row_names.csv; M_PL_061_21_row_names.csv; M_PL_061_24_row_names.csv
crepidiastrum lanceolatum,M_PL_044_row_names.csv
crepis capillaris,M_PL_017_row_names.csv
croomia japonica,M_PL_044_row_names.csv
croton blanchetianus,M_PL_067_row_names.csv
croton fothergillifolius,M_PL_060_01_row_names.csv; M_PL_060_02_row_names.csv; M_PL_060_03_row_names.csv; M_PL_060_04_row_names.csv; M_PL_060_05_row_names.csv; M_PL_060_13_row_names.csv; M_PL_060_14_row_names.csv; M_PL_060_15_row_names.csv; M_PL_060_16_row_names.csv; M_PL_060_17_row_names.csv; M_PL_060_22_row_names.csv
croton grangeroides,M_PL_060_22_row_names.csv; M_PL_060_23_row_names.csv; M_PL_060_24_row_names.csv
cryptotaenia japonica,M_PL_057_row_names.csv
cuphea diosmifolia,M_PL_074_09_row_names.csv
cuphea disperma,M_PL_074_09_row_names.csv
cuphea ericoides,M_PL_074_09_row_names.csv; M_PL_074_17_row_names.csv
cuphea melvilla,M_PL_074_06_row_names.csv; M_PL_074_11_row_names.csv
cuphea nitidula,M_PL_074_14_row_names.csv
cuspidaria inaequalis,M_PL_074_04_row_names.csv
cynanchum ascyrifolium,M_PL_056_row_names.csv
cynanchum diemii,M_PL_051_row_names.csv
cypripedium acaule,M_PL_004_row_names.csv
cypripedium guttatum,M_PL_056_row_names.csv
dahlstedtia pinnata,M_PL_074_07_row_names.csv; M_PL_074_10_row_names.csv; M_PL_074_13_row_names.csv; M_PL_074_18_row_names.csv
daucus carota,M_PL_017_row_names.csv; M_PL_058_row_names.csv
decagonocarpus cornutus,M_PL_071_row_names.csv
deckenia nobilis,M_PL_061_05_row_names.csv; M_PL_061_06_row_names.csv; M_PL_061_07_row_names.csv; M_PL_061_29_row_names.csv; M_PL_061_30_row_names.csv; M_PL_061_31_row_names.csv
declieuxia fruticosa,M_PL_074_09_row_names.csv
dendropanax trifidus,M_PL_044_row_names.csv
desfontainia spinosa,M_PL_068_row_names.csv; M_PL_074_12_row_names.csv
desmodium podocarpum,M_PL_057_row_names.csv
deutzia crenata,M_PL_054_row_names.csv; M_PL_057_row_names.csv
deutzia gracilis,M_PL_054_row_names.csv
deutzia maximowicziana,M_PL_054_row_names.csv; M_PL_057_row_names.csv
deutzia naseana,M_PL_044_row_names.csv
deutzia scabra,M_PL_054_row_names.csv
dianthus caryophillus,M_PL_058_row_names.csv
dianthus superbus longicalycinus,M_PL_056_row_names.csv
dicella bracteosa,M_PL_059_row_names.csv
digitalis purpurea,M_PL_051_row_names.csv
digitaria ciliaris,M_PL_057_row_names.csv
dillenia ferruginea,M_PL_061_06_row_names.csv; M_PL_061_09_row_names.csv; M_PL_061_10_row_names.csv; M_PL_061_12_row_names.csv; M_PL_061_13_row_names.csv; M_PL_061_15_row_names.csv; M_PL_061_17_row_names.csv; M_PL_061_18_row_names.csv; M_PL_061_19_row_names.csv; M_PL_061_21_row_names.csv; M_PL_061_22_row_names.csv; M_PL_061_23_row_names.csv; M_PL_061_24_row_names.csv; M_PL_061_36_row_names.csv; M_PL_061_37_row_names.csv; M_PL_061_38_row_names.csv; M_PL_061_39_row_names.csv; M_PL_061_40_row_names.csv; M_PL_061_45_row_names.csv; M_PL_061_46_row_names.csv; M_PL_061_48_row_names.csv
dillenia suffruticosa,M_PL_061_44_row_names.csv; M_PL_061_45_row_names.csv; M_PL_061_46_row_names.csv
dioclea grandiflora,M_PL_067_row_names.csv
diospyros revaughanii,M_PL_060_08_row_names.csv; M_PL_060_09_row_names.csv; M_PL_060_10_row_names.csv; M_PL_060_11_row_names.csv; M_PL_060_12_row_names.csv; M_PL_060_24_row_names.csv
diospyros seychellarum,M_PL_061_05_row_names.csv; M_PL_061_06_row_names.csv; M_PL_061_24_row_names.csv
diospyrus japonica,M_PL_044_row_names.csv
diplopterys pubipetala,M_PL_059_row_names.csv
diplostephium sp1 m_pl_068,M_PL_068_row_names.csv
dipsacus japonicus,M_PL_057_row_names.csv
disterigma codonanthum,M_PL_068_row_names.csv
disterigma sp1 m_pl_068,M_PL_068_row_names.csv
disterigma sp1 m_pl_074_12,M_PL_074_12_row_names.csv
dodonaea viscosa,M_PL_060_02_row_names.csv; M_PL_060_03_row_names.csv; M_PL_060_13_row_names.csv; M_PL_060_14_row_names.csv; M_PL_060_15_row_names.csv
dolichandra unguis-cati,M_PL_074_04_row_names.csv
dombeya wallichii,M_PL_074_08_row_names.csv
doratoxylon apetalum,M_PL_060_05_row_names.csv; M_PL_060_14_row_names.csv
dorychnium pentaphylum,M_PL_058_row_names.csv
dracaena reflexa,M_PL_060_04_row_names.csv; M_PL_060_05_row_names.csv; M_PL_060_16_row_names.csv; M_PL_061_37_row_names.csv
dryas integrifolia,M_PL_024_row_names.csv; M_PL_045_row_names.csv
drymonia brochidodroma,M_PL_074_02_row_names.csv
drymonia collegarum,M_PL_074_02_row_names.csv
drymonia semicordata,M_PL_071_row_names.csv
drymonia tenuis,M_PL_074_02_row_names.csv; M_PL_074_05_row_names.csv
drymonia teuscheri,M_PL_074_02_row_names.csv; M_PL_074_05_row_names.csv
duchesnea chrysantha,M_PL_057_row_names.csv
dunalia brachyacantha,M_PL_074_12_row_names.csv
dyckia sp1 m_pl_074_17,M_PL_074_17_row_names.csv
dyssochroma viridiflora,M_PL_074_10_row_names.csv
edgeworthia chrysantha,M_PL_054_row_names.csv
edmundoa lindenii,M_PL_063_row_names.csv
elaeagnus montana,M_PL_056_row_names.csv
elaeagnus multiflora,M_PL_054_row_names.csv
elaeocarpus japonicus,M_PL_044_row_names.csv
elaeocarpus sylvestris,M_PL_044_row_names.csv
elleanthus aurantiacus,M_PL_074_03_row_names.csv; M_PL_074_16_row_names.csv
elleanthus brasiliensis,M_PL_074_10_row_names.csv
elleanthus sp1 m_pl_068,M_PL_068_row_names.csv
embelia angustifolia,M_PL_060_09_row_names.csv; M_PL_060_10_row_names.csv; M_PL_060_24_row_names.csv
encholirium spectabile,M_PL_067_row_names.csv
encholirium subsecundum,M_PL_074_09_row_names.csv; M_PL_074_17_row_names.csv
enkianthus campanulatus,M_PL_056_row_names.csv
enkianthus perulatus,M_PL_054_row_names.csv
epacris microphylla,M_PL_019_row_names.csv
epacris petrophila,M_PL_019_row_names.csv
epidendrum radicans,M_PL_074_15_row_names.csv
epilobium gunnianum,M_PL_019_row_names.csv
epilobium latifolium,M_PL_045_row_names.csv
equium sabulicola,M_PL_058_row_names.csv
eremanthus bicolor,M_PL_074_09_row_names.csv
eremanthus crotonoides,M_PL_074_17_row_names.csv
eremanthus erythropappus,M_PL_074_17_row_names.csv
ericaceae sp1 m_pl_074_01,M_PL_074_01_row_names.csv
eriobotrya japonica,M_PL_057_row_names.csv
eriotheca pentaphylla,M_PL_074_08_row_names.csv; M_PL_074_13_row_names.csv
eryngium campestre,M_PL_058_row_names.csv
erysimum cheiranthoides,M_PL_073_row_names.csv
erythrina corallodendron,M_PL_074_04_row_names.csv
erythrina fusca,M_PL_074_04_row_names.csv; M_PL_074_06_row_names.csv
erythrina lanata,M_PL_065_row_names.csv
erythrina megistophylla,M_PL_074_02_row_names.csv; M_PL_074_05_row_names.csv
erythrina poeppigiana,M_PL_074_04_row_names.csv
erythrina rubrinervia,M_PL_074_16_row_names.csv
erythrina sp1 m_pl_074_01,M_PL_074_01_row_names.csv
erythrina speciosa,M_PL_063_row_names.csv; M_PL_074_07_row_names.csv; M_PL_074_08_row_names.csv; M_PL_074_13_row_names.csv
erythronium umbilicatum,M_PL_025_row_names.csv
erythrospermum monticolum,M_PL_060_05_row_names.csv; M_PL_060_06_row_names.csv; M_PL_060_07_row_names.csv
erythroxylum macrocarpum,M_PL_060_01_row_names.csv; M_PL_060_02_row_names.csv; M_PL_060_03_row_names.csv; M_PL_060_04_row_names.csv; M_PL_060_05_row_names.csv; M_PL_060_13_row_names.csv; M_PL_060_14_row_names.csv; M_PL_060_15_row_names.csv; M_PL_060_16_row_names.csv; M_PL_060_17_row_names.csv; M_PL_060_23_row_names.csv
erythroxylum sechellarum,M_PL_061_02_row_names.csv; M_PL_061_03_row_names.csv; M_PL_061_04_row_names.csv; M_PL_061_05_row_names.csv; M_PL_061_06_row_names.csv; M_PL_061_08_row_names.csv; M_PL_061_09_row_names.csv; M_PL_061_10_row_names.csv; M_PL_061_11_row_names.csv; M_PL_061_13_row_names.csv; M_PL_061_14_row_names.csv; M_PL_061_16_row_names.csv; M_PL_061_17_row_names.csv; M_PL_061_18_row_names.csv; M_PL_061_19_row_names.csv; M_PL_061_20_row_names.csv; M_PL_061_21_row_names.csv; M_PL_061_22_row_names.csv; M_PL_061_24_row_names.csv; M_PL_061_26_row_names.csv; M_PL_061_27_row_names.csv; M_PL_061_29_row_names.csv; M_PL_061_32_row_names.csv; M_PL_061_35_row_names.csv; M_PL_061_36_row_names.csv; M_PL_061_37_row_names.csv; M_PL_061_38_row_names.csv; M_PL_061_40_row_names.csv; M_PL_061_44_row_names.csv; M_PL_061_45_row_names.csv; M_PL_061_46_row_names.csv; M_PL_061_47_row_names.csv; M_PL_061_48_row_names.csv
erythroxylum vaccinifolium,M_PL_074_17_row_names.csv
espeletia sp1 m_pl_068,M_PL_068_row_names.csv
esterhazya nanuzae,M_PL_074_09_row_names.csv
esterhazya splendida,M_PL_074_17_row_names.csv
eucalyptus globulus,M_PL_074_16_row_names.csv
eugenia orbiculata,M_PL_060_07_row_names.csv; M_PL_060_19_row_names.csv
euodia chapelieri,M_PL_060_05_row_names.csv; M_PL_060_06_row_names.csv; M_PL_060_07_row_names.csv; M_PL_060_08_row_names.csv; M_PL_060_09_row_names.csv; M_PL_060_19_row_names.csv; M_PL_060_21_row_names.csv; M_PL_060_22_row_names.csv
euodia meliifolia,M_PL_044_row_names.csv
euodia obtusifolia,M_PL_060_07_row_names.csv; M_PL_060_08_row_names.csv; M_PL_060_10_row_names.csv; M_PL_060_11_row_names.csv; M_PL_060_19_row_names.csv; M_PL_060_20_row_names.csv
euonymus alatus,M_PL_057_row_names.csv
euonymus fo rtunei,M_PL_054_row_names.csv
euonymus macropterus,M_PL_056_row_names.csv
euonymus sieboldianus,M_PL_056_row_names.csv
eupatorium cannabinum,M_PL_017_row_names.csv
eupatorium chinense,M_PL_055_row_names.csv; M_PL_056_row_names.csv; M_PL_057_row_names.csv
eupatorium coelestinum,M_PL_073_row_names.csv
eupatorium lindleyanum,M_PL_055_row_names.csv
eupatorium purpureum,M_PL_073_row_names.csv
euphorbia pyrifolia,M_PL_061_30_row_names.csv
euphorbia segatalis,M_PL_058_row_names.csv
euphrasia collina,M_PL_019_row_names.csv
euphrasia maximowiczii,M_PL_056_row_names.csv
euphrasia officinalis,M_PL_017_row_names.csv
euptelea polyandra,M_PL_057_row_names.csv
euscaphis japonica,M_PL_044_row_names.csv
eusteratis yatabeana,M_PL_055_row_names.csv
excoecaria benthiamiana,M_PL_061_15_row_names.csv; M_PL_061_23_row_names.csv; M_PL_061_24_row_names.csv; M_PL_061_45_row_names.csv; M_PL_061_46_row_names.csv
farfugium joponicum,M_PL_044_row_names.csv
fatsia japonica,M_PL_054_row_names.csv
faujasiopsis flexuosa,M_PL_060_05_row_names.csv; M_PL_060_06_row_names.csv; M_PL_060_16_row_names.csv; M_PL_060_17_row_names.csv; M_PL_060_18_row_names.csv
ferdinandusa sprucei,M_PL_071_row_names.csv
filipendula multifuga,M_PL_056_row_names.csv
filipendula ulmaria,M_PL_007_row_names.csv
flagellaria indica,M_PL_060_04_row_names.csv; M_PL_060_05_row_names.csv; M_PL_060_07_row_names.csv; M_PL_060_16_row_names.csv
fragaria nipponica,M_PL_056_row_names.csv
fraxinus griffithii,M_PL_054_row_names.csv
fridericia craterophora,M_PL_074_11_row_names.csv
fridericia speciosa,M_PL_064_row_names.csv
fuchsia corollata,M_PL_068_row_names.csv
fuchsia decussata,M_PL_074_12_row_names.csv
fuchsia macrostigma,M_PL_074_01_row_names.csv; M_PL_074_02_row_names.csv
fuchsia paniculata,M_PL_074_14_row_names.csv; M_PL_074_15_row_names.csv
fuchsia regia,M_PL_063_row_names.csv; M_PL_069_01_row_names.csv; M_PL_074_10_row_names.csv
fuchsia venusta,M_PL_074_03_row_names.csv
furcraea sp1 m_pl_074_01,M_PL_074_01_row_names.csv
gaertnera petrinensis,M_PL_060_07_row_names.csv; M_PL_060_08_row_names.csv
gaertnera rotundifolia,M_PL_060_06_row_names.csv; M_PL_060_07_row_names.csv; M_PL_060_08_row_names.csv; M_PL_060_18_row_names.csv
gaertnera sp1 m_pl_066,M_PL_060_07_row_names.csv
gaertnera sp1 m_pl_067,M_PL_060_08_row_names.csv
gaertnera sp1 m_pl_068,M_PL_060_09_row_names.csv
gaertnera sp1 m_pl_069,M_PL_060_10_row_names.csv
gaertnera sp1 m_pl_070,M_PL_060_11_row_names.csv
gaertnera sp1 m_pl_077,M_PL_060_18_row_names.csv
gaertnera sp1 m_pl_078,M_PL_060_19_row_names.csv
gaertnera sp1 m_pl_079,M_PL_060_20_row_names.csv
gaertnera sp1 m_pl_080,M_PL_060_21_row_names.csv
gaertnera sp1 m_pl_081,M_PL_060_22_row_names.csv
gaertnera sp1 m_pl_082,M_PL_060_23_row_names.csv
gaiadendron punctatum,M_PL_068_row_names.csv; M_PL_074_12_row_names.csv
galactites tomentosa,M_PL_058_row_names.csv
galium trifidum,M_PL_055_row_names.csv
galium verum,M_PL_007_row_names.csv
gasteranthus calcaratus,M_PL_074_03_row_names.csv
gasteranthus lateralis,M_PL_074_02_row_names.csv
gasteranthus pansamalanus,M_PL_074_02_row_names.csv
gasteranthus quitensis,M_PL_074_02_row_names.csv; M_PL_074_05_row_names.csv
gasteranthus sp1 m_pl_074_01,M_PL_074_01_row_names.csv
gastonia crassa,M_PL_061_19_row_names.csv; M_PL_061_20_row_names.csv; M_PL_061_23_row_names.csv; M_PL_061_45_row_names.csv; M_PL_061_47_row_names.csv; M_PL_061_48_row_names.csv
gaultheria acuminata,M_PL_074_15_row_names.csv
gaultheria bracteata,M_PL_074_12_row_names.csv
gaultheria erecta,M_PL_068_row_names.csv
gaultheria insipida,M_PL_068_row_names.csv
gavilea odoratissima,M_PL_051_row_names.csv
gaylussacia baccata,M_PL_033_row_names.csv
gaylussacia brasiliensis,M_PL_074_09_row_names.csv; M_PL_074_17_row_names.csv
gaylussacia montana,M_PL_074_17_row_names.csv
gaylussacia oleifolia,M_PL_074_17_row_names.csv
gaylussacia virgata,M_PL_074_09_row_names.csv
geissomeria schottiana,M_PL_064_row_names.csv
geniostoma borbonicum,M_PL_060_01_row_names.csv; M_PL_060_02_row_names.csv
genipa americana,M_PL_074_06_row_names.csv
gentianella diemensis,M_PL_019_row_names.csv
gentianella fruticulosa,M_PL_074_12_row_names.csv
gentianella violacea,M_PL_074_12_row_names.csv
geranium eriostemon,M_PL_056_row_names.csv
geranium nepalense,M_PL_057_row_names.csv
gesneriaceae sp1 m_pl_074_01,M_PL_074_01_row_names.csv
gesneriaceae sp2 m_pl_074_01,M_PL_074_01_row_names.csv
gesneriaceae sp3 m_pl_074_01,M_PL_074_01_row_names.csv
gesneriaceae sp4 m_pl_074_06,M_PL_074_06_row_names.csv
geum japonicum,M_PL_057_row_names.csv
geum rossii,M_PL_024_row_names.csv
glechoma hederacea,M_PL_057_row_names.csv
glionnetia sericea,M_PL_061_18_row_names.csv
glochidion acuminatum,M_PL_044_row_names.csv
glochidion obovatum,M_PL_044_row_names.csv
glochidion zeylanicum,M_PL_044_row_names.csv
glossoloma baguense,M_PL_074_03_row_names.csv
glossoloma bolivianum,M_PL_074_01_row_names.csv
glossoloma ichthyoderma,M_PL_074_03_row_names.csv
glossoloma oblongicalyx,M_PL_074_02_row_names.csv
glossoloma purpureum,M_PL_074_05_row_names.csv
glossoloma schultzei,M_PL_074_03_row_names.csv
gonzalagunia hirsuta,M_PL_074_04_row_names.csv
gordonia fruticosa,M_PL_074_17_row_names.csv
grangeria borbonica,M_PL_060_05_row_names.csv; M_PL_060_06_row_names.csv; M_PL_060_07_row_names.csv; M_PL_060_18_row_names.csv; M_PL_060_19_row_names.csv; M_PL_060_22_row_names.csv
greigia macbrideana,M_PL_074_12_row_names.csv
groton suberosus,M_PL_065_row_names.csv
gurania lobata,M_PL_074_04_row_names.csv; M_PL_074_06_row_names.csv
gurania rhizantha,M_PL_074_06_row_names.csv
gurania rufipila,M_PL_071_row_names.csv
guzmania amplectens,M_PL_074_02_row_names.csv; M_PL_074_05_row_names.csv
guzmania bakeri,M_PL_068_row_names.csv
guzmania candelabrum,M_PL_068_row_names.csv
guzmania danielii,M_PL_074_01_row_names.csv
guzmania fuscispica,M_PL_074_05_row_names.csv
guzmania gloriosa,M_PL_074_03_row_names.csv
guzmania jaramilloi,M_PL_074_01_row_names.csv; M_PL_074_02_row_names.csv; M_PL_074_05_row_names.csv
guzmania lehmanniana,M_PL_074_02_row_names.csv
guzmania monostachia,M_PL_074_04_row_names.csv
guzmania multiflora,M_PL_074_03_row_names.csv
guzmania sp1 m_pl_074_01,M_PL_074_01_row_names.csv
guzmania sp1 m_pl_074_16,M_PL_074_16_row_names.csv
guzmania sp2 m_pl_074_01,M_PL_074_01_row_names.csv
guzmania squarrosa,M_PL_074_02_row_names.csv
guzmania teuscheri,M_PL_074_01_row_names.csv
gymnadenia conopsea,M_PL_056_row_names.csv
hamelia patens,M_PL_074_04_row_names.csv; M_PL_074_16_row_names.csv
hamelia versicolor,M_PL_065_row_names.csv
harungana madagascariensis,M_PL_060_18_row_names.csv
hedychium coronarium,M_PL_069_01_row_names.csv; M_PL_074_08_row_names.csv; M_PL_074_10_row_names.csv; M_PL_074_18_row_names.csv
helianthemum guttatum,M_PL_058_row_names.csv
helianthus decapetalus,M_PL_073_row_names.csv
helichrysum alpinum,M_PL_019_row_names.csv
helichrysum proteoides,M_PL_060_06_row_names.csv; M_PL_060_07_row_names.csv; M_PL_060_18_row_names.csv; M_PL_060_19_row_names.csv
helichrysum scorpioides,M_PL_019_row_names.csv
helichrysum stoechas,M_PL_058_row_names.csv
heliconia adflexa,M_PL_074_14_row_names.csv; M_PL_074_15_row_names.csv
heliconia angusta,M_PL_074_07_row_names.csv; M_PL_074_08_row_names.csv; M_PL_074_13_row_names.csv
heliconia bihai,M_PL_074_04_row_names.csv
heliconia burleana,M_PL_074_01_row_names.csv; M_PL_074_02_row_names.csv; M_PL_074_03_row_names.csv; M_PL_074_05_row_names.csv
heliconia collinsiana,M_PL_074_14_row_names.csv
heliconia farinosa,M_PL_069_01_row_names.csv; M_PL_074_07_row_names.csv; M_PL_074_18_row_names.csv
heliconia griggsiana,M_PL_074_03_row_names.csv; M_PL_074_05_row_names.csv; M_PL_074_16_row_names.csv
heliconia hirsuta,M_PL_074_04_row_names.csv
heliconia impudica,M_PL_074_02_row_names.csv; M_PL_074_05_row_names.csv
heliconia juruana,M_PL_074_06_row_names.csv
heliconia latispatha,M_PL_074_16_row_names.csv
heliconia psittacorum,M_PL_074_04_row_names.csv; M_PL_074_11_row_names.csv
heliconia schumanniana,M_PL_074_06_row_names.csv
heliconia simulans,M_PL_064_row_names.csv
heliconia sp1 m_pl_071,M_PL_071_row_names.csv
heliconia sp2 m_pl_074_01,M_PL_074_01_row_names.csv
heliconia sp4 m_pl_074_10,M_PL_074_10_row_names.csv
heliconia sp6 m_pl_074_04,M_PL_074_04_row_names.csv
heliconia sp7 m_pl_074_03,M_PL_074_03_row_names.csv
heliconia spathocircinata,M_PL_074_07_row_names.csv; M_PL_074_08_row_names.csv; M_PL_074_18_row_names.csv
heliconia stricta,M_PL_074_06_row_names.csv
heliconia tarumaensis,M_PL_071_row_names.csv
heliconia venusta,M_PL_074_03_row_names.csv; M_PL_074_16_row_names.csv
heliconia virginalis,M_PL_074_05_row_names.csv
helicteres brevispira,M_PL_074_11_row_names.csv
helipterum albicans,M_PL_019_row_names.csv
hepatica americana,M_PL_025_row_names.csv
heritiera littoralis,M_PL_044_row_names.csv
heteropterys sp1 m_pl_059,M_PL_059_row_names.csv
heteropterys sp2 m_pl_059,M_PL_059_row_names.csv
hibiscus hamabo,M_PL_044_row_names.csv
hibiscus laevis,M_PL_073_row_names.csv
hibiscus maleinoi,M_PL_044_row_names.csv
hibiscus rosa-sinensis,M_PL_074_01_row_names.csv; M_PL_074_08_row_names.csv
hibiscus syriacus,M_PL_054_row_names.csv
hibiscus tiliaceus,M_PL_044_row_names.csv
hibiscus uncinellus,M_PL_074_15_row_names.csv
hillia illustris,M_PL_074_10_row_names.csv
hippeastrum aulicum,M_PL_069_01_row_names.csv
hippeastrum cipoanum,M_PL_074_17_row_names.csv
hololepis pedunculata,M_PL_074_17_row_names.csv
homalanthus populifolius,M_PL_060_14_row_names.csv; M_PL_060_15_row_names.csv; M_PL_060_16_row_names.csv; M_PL_060_17_row_names.csv; M_PL_060_18_row_names.csv; M_PL_060_19_row_names.csv
hosta albomarginata,M_PL_055_row_names.csv
hosta sieboldiana,M_PL_056_row_names.csv
houttuynia cordata,M_PL_055_row_names.csv; M_PL_057_row_names.csv
hydrangea hirta,M_PL_057_row_names.csv
hydrangea macrophylla,M_PL_054_row_names.csv; M_PL_057_row_names.csv
hydrangea paniculata,M_PL_056_row_names.csv; M_PL_057_row_names.csv
hydrocharis dubia,M_PL_055_row_names.csv
hypericum erectum,M_PL_055_row_names.csv
hypericum patulum,M_PL_054_row_names.csv
hypericum perfolatum,M_PL_058_row_names.csv
hypericum prolificum,M_PL_073_row_names.csv
hypericum pseudopetiolatum,M_PL_057_row_names.csv
hypochoeris radicata,M_PL_006_row_names.csv; M_PL_007_row_names.csv; M_PL_017_row_names.csv; M_PL_019_row_names.csv
hyptis asperrima,M_PL_064_row_names.csv
hyptis passerina,M_PL_074_09_row_names.csv
hyptis pectinata,M_PL_067_row_names.csv
hyptis sp1 m_pl_074_17,M_PL_074_17_row_names.csv
idesia polycarpa,M_PL_054_row_names.csv
ilex integra,M_PL_044_row_names.csv
ilex serrata,M_PL_054_row_names.csv
impatiens noli-tangere,M_PL_057_row_names.csv
impatiens sp1 m_pl_074_01,M_PL_074_01_row_names.csv
impatiens textori,M_PL_057_row_names.csv
impatiens walleriana,M_PL_074_13_row_names.csv; M_PL_074_18_row_names.csv
indigofera tinctoria,M_PL_054_row_names.csv
inga densiflora,M_PL_074_14_row_names.csv
inga edulis,M_PL_074_08_row_names.csv; M_PL_074_10_row_names.csv
inga ingoides,M_PL_074_04_row_names.csv; M_PL_074_16_row_names.csv
inga leiocalycina,M_PL_074_06_row_names.csv
inga luschnathiana,M_PL_074_08_row_names.csv
inga semialata,M_PL_074_18_row_names.csv
inga sessilis,M_PL_063_row_names.csv
inga sp2 m_pl_074_01,M_PL_074_01_row_names.csv
inga sp3 m_pl_074_04,M_PL_074_04_row_names.csv
inga subnuda,M_PL_074_13_row_names.csv
inga uruguensis,M_PL_074_11_row_names.csv
inga venosa,M_PL_074_04_row_names.csv
iochroma gesnerioides,M_PL_074_03_row_names.csv
ipomea sp1 m_pl_069_01,M_PL_069_01_row_names.csv
ipomoea bracteata,M_PL_065_row_names.csv
ipomoea cholulensis,M_PL_074_14_row_names.csv
ipomoea indica,M_PL_044_row_names.csv
ipomoea quamoclit,M_PL_065_row_names.csv
ipomoea sp1 m_pl_067,M_PL_067_row_names.csv
ipomoea tricolor,M_PL_074_14_row_names.csv
ipomoea wolcottiana,M_PL_065_row_names.csv
iridaceae sp1 m_pl_074_01,M_PL_074_01_row_names.csv
iris pseudacorus,M_PL_054_row_names.csv
iris sanguinea,M_PL_056_row_names.csv
iris taevigata,M_PL_055_row_names.csv
isachne globosa,M_PL_055_row_names.csv
ischnosiphon arouma,M_PL_074_04_row_names.csv
ischnosiphon lasiocoleus,M_PL_071_row_names.csv
isertia hypoleuca,M_PL_071_row_names.csv
isertia parviflora,M_PL_074_04_row_names.csv
isertia rosea,M_PL_071_row_names.csv
itea parviflora,M_PL_054_row_names.csv
ixeris debilis,M_PL_054_row_names.csv; M_PL_055_row_names.csv
ixeris dentata,M_PL_054_row_names.csv; M_PL_055_row_names.csv; M_PL_056_row_names.csv; M_PL_057_row_names.csv
jacaranda caroba,M_PL_074_11_row_names.csv
jacaranda puberula,M_PL_074_08_row_names.csv
jacquemontia sphaerostigma,M_PL_074_08_row_names.csv
janusia anisandra,M_PL_059_row_names.csv
jatropha mollissima,M_PL_067_row_names.csv
justicia brasiliana,M_PL_069_01_row_names.csv
justicia carnea,M_PL_069_01_row_names.csv; M_PL_074_07_row_names.csv; M_PL_074_10_row_names.csv
justicia cuatrecasii,M_PL_071_row_names.csv
justicia mexicana,M_PL_065_row_names.csv
justicia procumbens,M_PL_054_row_names.csv; M_PL_055_row_names.csv
justicia scheidweileri,M_PL_064_row_names.csv
justicia secunda,M_PL_074_05_row_names.csv
justicia sp1 m_pl_063,M_PL_063_row_names.csv
justicia sp2 m_pl_063,M_PL_063_row_names.csv
justicia sp3 m_pl_074_04,M_PL_074_04_row_names.csv
kalanchoe sp1 m_pl_074_01,M_PL_074_01_row_names.csv
kalimeris pinnatifida,M_PL_055_row_names.csv; M_PL_057_row_names.csv
kalimeris yomena,M_PL_055_row_names.csv; M_PL_057_row_names.csv
kalmia angustifolia,M_PL_033_row_names.csv
kalmia polifolia,M_PL_033_row_names.csv
kandetia candel,M_PL_044_row_names.csv
kerria japonica,M_PL_054_row_names.csv; M_PL_057_row_names.csv
knautia arvensis,M_PL_017_row_names.csv
kohleria affinis,M_PL_074_02_row_names.csv; M_PL_074_03_row_names.csv; M_PL_074_16_row_names.csv
kohleria inaequalis,M_PL_074_03_row_names.csv; M_PL_074_16_row_names.csv
kohleria spicata,M_PL_074_01_row_names.csv; M_PL_074_03_row_names.csv
kohleria trianae,M_PL_074_03_row_names.csv
kohleria villosa,M_PL_074_02_row_names.csv
kohleria warszewiczii,M_PL_074_03_row_names.csv
kunzea muelleri,M_PL_019_row_names.csv
labourdonnaisia callophylloides,M_PL_060_07_row_names.csv; M_PL_060_08_row_names.csv; M_PL_060_09_row_names.csv; M_PL_060_10_row_names.csv; M_PL_060_11_row_names.csv; M_PL_060_19_row_names.csv; M_PL_060_20_row_names.csv; M_PL_060_22_row_names.csv; M_PL_060_23_row_names.csv
lactuca indica,M_PL_055_row_names.csv
lagerstroemia subcostata,M_PL_044_row_names.csv
lamiaceae sp1 m_pl_074_01,M_PL_074_01_row_names.csv
lantana camara,M_PL_063_row_names.csv; M_PL_064_row_names.csv; M_PL_074_04_row_names.csv; M_PL_074_11_row_names.csv; M_PL_074_18_row_names.csv
lantana nivea,M_PL_074_08_row_names.csv
lapsana communis,M_PL_073_row_names.csv
lathyrus clymenum,M_PL_058_row_names.csv
lathyrus pratensis,M_PL_006_row_names.csv; M_PL_007_row_names.csv; M_PL_017_row_names.csv
lavandula stoechas,M_PL_058_row_names.csv
lecythidaceae sp1 m_pl_074_01,M_PL_074_01_row_names.csv
ledum groenlandicum,M_PL_033_row_names.csv
ledum palustre,M_PL_045_row_names.csv
leesia japonica,M_PL_055_row_names.csv
leguminosae sp1 m_pl_074_01,M_PL_074_01_row_names.csv
leontodon autumnalis,M_PL_017_row_names.csv
leontodon hispidus,M_PL_017_row_names.csv
leontodon saxatilis,M_PL_017_row_names.csv
lepidaploa lilacina,M_PL_074_09_row_names.csv
lepidaploa rufogrisea,M_PL_074_09_row_names.csv
lepidaploa sp1 m_pl_074_17,M_PL_074_17_row_names.csv
lepidaploa sp2 m_pl_074_09,M_PL_074_09_row_names.csv
leptorhynchos squamatus,M_PL_019_row_names.csv
lespedeza bicolor,M_PL_055_row_names.csv
lespedeza thunbergii,M_PL_054_row_names.csv
lessingianthus roseus,M_PL_074_17_row_names.csv
leucanthemum vulgare,M_PL_006_row_names.csv; M_PL_007_row_names.csv
leucopogon montanus,M_PL_019_row_names.csv
leucosceptrum stellipilum,M_PL_057_row_names.csv
libanotis coreana,M_PL_056_row_names.csv
ligularia dentata,M_PL_056_row_names.csv
ligularia fischerii,M_PL_057_row_names.csv
ligustrum japonicum,M_PL_044_row_names.csv; M_PL_054_row_names.csv
ligustrum obtusifolium,M_PL_054_row_names.csv; M_PL_057_row_names.csv
limophila sessiliflora,M_PL_055_row_names.csv
lindera obtusiloba,M_PL_057_row_names.csv
lindera umbellata,M_PL_057_row_names.csv
lindernia dubia,M_PL_073_row_names.csv
lindernia procumbens,M_PL_055_row_names.csv
linnaea borealis,M_PL_004_row_names.csv
linum catharticum,M_PL_017_row_names.csv
linum sp1 m_pl_058,M_PL_058_row_names.csv
lippia sp2 m_pl_074_09,M_PL_074_09_row_names.csv
lippia sp3 m_pl_074_09,M_PL_074_09_row_names.csv
liriope platyphylla,M_PL_054_row_names.csv
litsea citriodora,M_PL_044_row_names.csv
litsea japonica,M_PL_044_row_names.csv
lobelia fistulosa,M_PL_074_17_row_names.csv
lobelia laxiflora,M_PL_074_15_row_names.csv
lonicera alpigena,M_PL_056_row_names.csv
lonicera gracilipes,M_PL_057_row_names.csv
lonicera morrowii,M_PL_054_row_names.csv
lotus corniculatus,M_PL_006_row_names.csv; M_PL_007_row_names.csv; M_PL_017_row_names.csv
ludwigia epilobioides,M_PL_055_row_names.csv
luehea grandiflora,M_PL_074_11_row_names.csv
lundia cordata,M_PL_074_08_row_names.csv
lychnis flos-cuculi,M_PL_006_row_names.csv
lychnis gracillima,M_PL_056_row_names.csv
lychnophora pohlii,M_PL_074_09_row_names.csv
lychnophora sp1 m_pl_074_09,M_PL_074_09_row_names.csv
lychnophora tomentosa,M_PL_074_09_row_names.csv
lycopus ramosissimus,M_PL_055_row_names.csv
lycopus rubellus,M_PL_073_row_names.csv
lyonia ovalifolia,M_PL_054_row_names.csv
lysimachia fortunei,M_PL_055_row_names.csv
lysimachia mauiriana,M_PL_044_row_names.csv
lysimachia nummularia,M_PL_073_row_names.csv
lythrum anceps,M_PL_054_row_names.csv; M_PL_055_row_names.csv
maackia tashiroi,M_PL_044_row_names.csv
mabea fistulifera,M_PL_074_11_row_names.csv
machitus thunbergii,M_PL_044_row_names.csv
macleania bullata,M_PL_074_02_row_names.csv
macleania pentaptera,M_PL_074_01_row_names.csv
macleania recumbens,M_PL_074_01_row_names.csv
macleania rupestris,M_PL_068_row_names.csv
macleania stricta,M_PL_074_02_row_names.csv
macleaya cordata,M_PL_057_row_names.csv
macrocarpaea macrophylla,M_PL_074_03_row_names.csv
macrocarpaea rubra,M_PL_063_row_names.csv
maesa tenera,M_PL_044_row_names.csv
mahonia japonica,M_PL_054_row_names.csv
maianthemum canadense,M_PL_004_row_names.csv
mallotus japonicus,M_PL_044_row_names.csv
malus halliana,M_PL_054_row_names.csv
malus sieboldii,M_PL_056_row_names.csv
malvaceae sp1 m_pl_074_17,M_PL_074_17_row_names.csv
malvaviscus arboreus,M_PL_074_01_row_names.csv; M_PL_074_14_row_names.csv; M_PL_074_15_row_names.csv
mandevilla hirsuta,M_PL_074_04_row_names.csv
mandevilla pycnantha,M_PL_074_09_row_names.csv
manettia cordifolia,M_PL_063_row_names.csv; M_PL_074_11_row_names.csv
manettia gracilis,M_PL_074_07_row_names.csv
maranta furcata,M_PL_074_08_row_names.csv
marcgravia myriostigma,M_PL_074_08_row_names.csv
marcgravia sp1 m_pl_074_04,M_PL_074_04_row_names.csv
markea coccinea,M_PL_071_row_names.csv
medicago lupulina,M_PL_017_row_names.csv
medusagyne oppositifolia,M_PL_061_02_row_names.csv; M_PL_061_05_row_names.csv; M_PL_061_07_row_names.csv
meehania urticifolia,M_PL_056_row_names.csv; M_PL_057_row_names.csv
melastoma candidum,M_PL_044_row_names.csv
melastomataceae sp1 m_pl_074_01,M_PL_074_01_row_names.csv
meliosma oldhamii,M_PL_044_row_names.csv
meliosma rigida,M_PL_044_row_names.csv
meliosma tenuis,M_PL_057_row_names.csv
melocactus zehntneri,M_PL_067_row_names.csv
melochia tomentosa,M_PL_067_row_names.csv
memecylon eleagni,M_PL_061_01_row_names.csv; M_PL_061_02_row_names.csv; M_PL_061_03_row_names.csv; M_PL_061_04_row_names.csv; M_PL_061_05_row_names.csv; M_PL_061_06_row_names.csv; M_PL_061_08_row_names.csv; M_PL_061_09_row_names.csv; M_PL_061_10_row_names.csv; M_PL_061_12_row_names.csv; M_PL_061_14_row_names.csv; M_PL_061_16_row_names.csv; M_PL_061_17_row_names.csv; M_PL_061_18_row_names.csv; M_PL_061_19_row_names.csv; M_PL_061_20_row_names.csv; M_PL_061_21_row_names.csv; M_PL_061_22_row_names.csv; M_PL_061_23_row_names.csv; M_PL_061_24_row_names.csv; M_PL_061_25_row_names.csv; M_PL_061_26_row_names.csv; M_PL_061_27_row_names.csv; M_PL_061_28_row_names.csv; M_PL_061_29_row_names.csv; M_PL_061_30_row_names.csv; M_PL_061_35_row_names.csv; M_PL_061_36_row_names.csv; M_PL_061_38_row_names.csv; M_PL_061_43_row_names.csv; M_PL_061_44_row_names.csv; M_PL_061_45_row_names.csv; M_PL_061_46_row_names.csv; M_PL_061_48_row_names.csv
memecylon ovatifolium,M_PL_060_09_row_names.csv; M_PL_060_10_row_names.csv
mendoncia coccinea,M_PL_074_07_row_names.csv; M_PL_074_10_row_names.csv; M_PL_074_18_row_names.csv
mendoncia velloziana,M_PL_063_row_names.csv; M_PL_064_row_names.csv
menziesia pentandra,M_PL_056_row_names.csv
meriania radula,M_PL_074_12_row_names.csv
meriania tomentosa,M_PL_074_02_row_names.csv; M_PL_074_03_row_names.csv
metothria tiukiuensis,M_PL_044_row_names.csv
mezobromelia capituligera,M_PL_074_02_row_names.csv; M_PL_074_03_row_names.csv
mezobromelia sp1 m_pl_074_16,M_PL_074_16_row_names.csv
miconia alpina,M_PL_074_12_row_names.csv
microseris lanceolata,M_PL_019_row_names.csv
mikania sp1 m_pl_074_09,M_PL_074_09_row_names.csv
mikania websteri,M_PL_074_02_row_names.csv
mimosa aurivillus,M_PL_074_09_row_names.csv
mimusops erythroxylon,M_PL_060_05_row_names.csv; M_PL_060_06_row_names.csv; M_PL_060_07_row_names.csv
mimusops sechellarum,M_PL_061_01_row_names.csv; M_PL_061_02_row_names.csv; M_PL_061_05_row_names.csv; M_PL_061_18_row_names.csv; M_PL_061_21_row_names.csv; M_PL_061_37_row_names.csv; M_PL_061_43_row_names.csv
minasia scapigera,M_PL_074_09_row_names.csv
mirabilis sp1 m_pl_065,M_PL_065_row_names.csv
miraglossum pilosum,M_PL_013_row_names.csv
miraglossum verticillare,M_PL_013_row_names.csv
molinaea alternifolia,M_PL_060_01_row_names.csv; M_PL_060_02_row_names.csv; M_PL_060_03_row_names.csv; M_PL_060_04_row_names.csv; M_PL_060_05_row_names.csv; M_PL_060_15_row_names.csv; M_PL_060_16_row_names.csv; M_PL_060_17_row_names.csv
molinaea macrantha,M_PL_060_23_row_names.csv; M_PL_060_24_row_names.csv
monimiastrum globosum,M_PL_060_05_row_names.csv; M_PL_060_06_row_names.csv; M_PL_060_07_row_names.csv
monnina salicifolia,M_PL_074_12_row_names.csv
monochoria korsakowii,M_PL_055_row_names.csv
monochoria vaginalis,M_PL_055_row_names.csv
monotagma secundum,M_PL_071_row_names.csv
morinda umbellata,M_PL_044_row_names.csv
mosla dianthera,M_PL_044_row_names.csv; M_PL_055_row_names.csv
moussonia deppeana,M_PL_074_14_row_names.csv; M_PL_074_15_row_names.csv
murdannia keisak,M_PL_055_row_names.csv
musa balbisiana,M_PL_044_row_names.csv
musa ornata,M_PL_074_10_row_names.csv; M_PL_074_18_row_names.csv
musa sp2 m_pl_074_01,M_PL_074_01_row_names.csv
musa velutina,M_PL_074_16_row_names.csv
musaenda parviflora,M_PL_044_row_names.csv
mutisia decurrens,M_PL_051_row_names.csv
mutisia speciosa,M_PL_063_row_names.csv; M_PL_064_row_names.csv; M_PL_074_08_row_names.csv; M_PL_074_13_row_names.csv
myonima violacea,M_PL_060_16_row_names.csv; M_PL_060_17_row_names.csv; M_PL_060_18_row_names.csv
myrcia lasiantha,M_PL_074_17_row_names.csv
myrsine segttinii,M_PL_044_row_names.csv
nandina domestica,M_PL_054_row_names.csv
nematanthus australis,M_PL_069_01_row_names.csv
nematanthus fissus,M_PL_074_07_row_names.csv; M_PL_074_13_row_names.csv
nematanthus fluminensis,M_PL_063_row_names.csv; M_PL_074_07_row_names.csv; M_PL_074_08_row_names.csv; M_PL_074_13_row_names.csv
nematanthus fritschii,M_PL_063_row_names.csv; M_PL_074_07_row_names.csv
nematanthus gregarius,M_PL_063_row_names.csv; M_PL_074_10_row_names.csv
nematanthus sericeus,M_PL_063_row_names.csv
nematanthus sp1 m_pl_063,M_PL_063_row_names.csv
nematanthus striatus,M_PL_074_10_row_names.csv
nematanthus strigillosus,M_PL_074_17_row_names.csv
nemopanthus mucronata,M_PL_033_row_names.csv
neopaxia australasica,M_PL_019_row_names.csv
neoregelia bahiana,M_PL_074_17_row_names.csv
neoregelia johannis,M_PL_074_07_row_names.csv; M_PL_074_18_row_names.csv
nepenthes pervillei,M_PL_061_35_row_names.csv; M_PL_061_36_row_names.csv; M_PL_061_39_row_names.csv; M_PL_061_43_row_names.csv; M_PL_061_44_row_names.csv; M_PL_061_46_row_names.csv; M_PL_061_48_row_names.csv
nephrosperma vanhoutteanum,M_PL_061_01_row_names.csv; M_PL_061_02_row_names.csv; M_PL_061_03_row_names.csv; M_PL_061_04_row_names.csv; M_PL_061_05_row_names.csv; M_PL_061_06_row_names.csv; M_PL_061_07_row_names.csv; M_PL_061_08_row_names.csv; M_PL_061_10_row_names.csv; M_PL_061_12_row_names.csv; M_PL_061_13_row_names.csv; M_PL_061_14_row_names.csv; M_PL_061_15_row_names.csv; M_PL_061_16_row_names.csv; M_PL_061_19_row_names.csv; M_PL_061_20_row_names.csv; M_PL_061_21_row_names.csv; M_PL_061_22_row_names.csv; M_PL_061_23_row_names.csv; M_PL_061_24_row_names.csv; M_PL_061_28_row_names.csv; M_PL_061_29_row_names.csv; M_PL_061_30_row_names.csv; M_PL_061_31_row_names.csv; M_PL_061_32_row_names.csv; M_PL_061_35_row_names.csv; M_PL_061_36_row_names.csv; M_PL_061_37_row_names.csv; M_PL_061_38_row_names.csv; M_PL_061_39_row_names.csv; M_PL_061_40_row_names.csv; M_PL_061_43_row_names.csv; M_PL_061_44_row_names.csv; M_PL_061_45_row_names.csv; M_PL_061_46_row_names.csv; M_PL_061_47_row_names.csv; M_PL_061_48_row_names.csv
nidularium angustifolium,M_PL_074_13_row_names.csv
nidularium billbergioides,M_PL_074_10_row_names.csv
nidularium innocentii,M_PL_063_row_names.csv; M_PL_069_01_row_names.csv; M_PL_074_07_row_names.csv; M_PL_074_08_row_names.csv; M_PL_074_13_row_names.csv
nidularium krisgreeniae,M_PL_074_10_row_names.csv
nidularium longiflorum,M_PL_063_row_names.csv
nidularium procerum,M_PL_063_row_names.csv; M_PL_074_07_row_names.csv; M_PL_074_08_row_names.csv
nidularium rutilans,M_PL_063_row_names.csv
nidularium seidelii,M_PL_074_07_row_names.csv; M_PL_074_08_row_names.csv; M_PL_074_13_row_names.csv
nopalea karwinskiana,M_PL_065_row_names.csv
norantea guianensis,M_PL_074_04_row_names.csv
northea hornei,M_PL_061_13_row_names.csv; M_PL_061_16_row_names.csv; M_PL_061_24_row_names.csv; M_PL_061_37_row_names.csv; M_PL_061_38_row_names.csv; M_PL_061_40_row_names.csv
nymphaea marliacea,M_PL_055_row_names.csv
ochna kirkii,M_PL_061_25_row_names.csv; M_PL_061_26_row_names.csv; M_PL_061_27_row_names.csv; M_PL_061_28_row_names.csv; M_PL_061_29_row_names.csv
ochna mauritiana,M_PL_060_05_row_names.csv; M_PL_060_06_row_names.csv; M_PL_060_08_row_names.csv; M_PL_060_17_row_names.csv; M_PL_060_18_row_names.csv; M_PL_060_22_row_names.csv
ocotea laevigata,M_PL_060_06_row_names.csv; M_PL_060_07_row_names.csv; M_PL_060_11_row_names.csv
oenanthe javanica,M_PL_055_row_names.csv
olea lancea,M_PL_060_06_row_names.csv; M_PL_060_07_row_names.csv; M_PL_060_09_row_names.csv; M_PL_060_16_row_names.csv; M_PL_060_17_row_names.csv; M_PL_060_18_row_names.csv; M_PL_060_19_row_names.csv; M_PL_060_20_row_names.csv
olearia phlogopappa,M_PL_019_row_names.csv
omphalodes japonica,M_PL_057_row_names.csv
oocephalus sp1 m_pl_074_09,M_PL_074_09_row_names.csv
oocephalus sp2 m_pl_074_09,M_PL_074_09_row_names.csv
opuntia excelsa,M_PL_065_row_names.csv
opuntia stricta,M_PL_058_row_names.csv
orchidaceae sp1 m_pl_074_01,M_PL_074_01_row_names.csv
orchis morio,M_PL_007_row_names.csv
orites lancifolia,M_PL_019_row_names.csv
orixa japonica,M_PL_057_row_names.csv
ormocaipum cochinchinense,M_PL_044_row_names.csv
osterium sieboldii,M_PL_057_row_names.csv
oxalis acetosella,M_PL_056_row_names.csv
oxalis corniculata,M_PL_054_row_names.csv; M_PL_055_row_names.csv
oxalis corymbosa,M_PL_054_row_names.csv
oxalis montana,M_PL_004_row_names.csv
oxalis psoraleoides,M_PL_067_row_names.csv
oxalis stricta,M_PL_073_row_names.csv
oxylobium ellipticum,M_PL_019_row_names.csv
pachycarpus natalensis,M_PL_013_row_names.csv
pachystachys coccinea,M_PL_074_04_row_names.csv
paederia scandens,M_PL_054_row_names.csv; M_PL_057_row_names.csv
paeonia japonica,M_PL_057_row_names.csv
paliavana sericiflora,M_PL_074_09_row_names.csv; M_PL_074_17_row_names.csv
palicourea acetosoides,M_PL_074_02_row_names.csv; M_PL_074_03_row_names.csv; M_PL_074_05_row_names.csv; M_PL_074_16_row_names.csv
palicourea anderssoniana,M_PL_074_01_row_names.csv
palicourea angustifolia,M_PL_074_03_row_names.csv
palicourea crocea,M_PL_074_04_row_names.csv; M_PL_074_06_row_names.csv; M_PL_074_11_row_names.csv
palicourea cuatrecasasii,M_PL_074_03_row_names.csv
palicourea demissa,M_PL_074_01_row_names.csv; M_PL_074_02_row_names.csv; M_PL_074_05_row_names.csv
palicourea fastigiata,M_PL_074_06_row_names.csv
palicourea lasiantha,M_PL_074_06_row_names.csv
palicourea lineata,M_PL_074_02_row_names.csv
palicourea marcgravii,M_PL_074_09_row_names.csv
palicourea ovalis,M_PL_074_03_row_names.csv
palicourea rigida,M_PL_074_09_row_names.csv
palicourea sodiroi,M_PL_074_01_row_names.csv
palicourea sp1 m_pl_071,M_PL_071_row_names.csv
palicourea sp2 m_pl_074_06,M_PL_074_06_row_names.csv
palicourea subspicata,M_PL_071_row_names.csv
pandanus barklyi,M_PL_060_07_row_names.csv; M_PL_060_08_row_names.csv
pandanus odoratissimus,M_PL_044_row_names.csv
pandanus rigidifolius,M_PL_060_12_row_names.csv
pandanus wiehii,M_PL_060_04_row_names.csv; M_PL_060_05_row_names.csv; M_PL_060_07_row_names.csv
papaver radicatum,M_PL_024_row_names.csv
paragenipa wrightii,M_PL_061_01_row_names.csv; M_PL_061_03_row_names.csv; M_PL_061_04_row_names.csv; M_PL_061_07_row_names.csv; M_PL_061_08_row_names.csv; M_PL_061_13_row_names.csv; M_PL_061_16_row_names.csv; M_PL_061_18_row_names.csv; M_PL_061_19_row_names.csv; M_PL_061_20_row_names.csv; M_PL_061_21_row_names.csv; M_PL_061_24_row_names.csv; M_PL_061_25_row_names.csv; M_PL_061_28_row_names.csv; M_PL_061_32_row_names.csv; M_PL_061_36_row_names.csv; M_PL_061_37_row_names.csv; M_PL_061_39_row_names.csv; M_PL_061_40_row_names.csv; M_PL_061_44_row_names.csv; M_PL_061_47_row_names.csv; M_PL_061_48_row_names.csv
paraserianthes falcataria,M_PL_061_28_row_names.csv
passiflora involucrata,M_PL_074_06_row_names.csv
passiflora kermesina,M_PL_064_row_names.csv
passiflora mixta,M_PL_068_row_names.csv
passiflora quadriglandulosa,M_PL_074_06_row_names.csv
passiflora sp1 m_pl_071,M_PL_071_row_names.csv
passiflora speciosa,M_PL_064_row_names.csv
passiflora spinosa,M_PL_074_06_row_names.csv
passiflora vitifolia,M_PL_071_row_names.csv
passifloraceae sp1 m_pl_074_01,M_PL_074_01_row_names.csv
patrinia triloba palmata,M_PL_056_row_names.csv
patrinia villosa,M_PL_056_row_names.csv; M_PL_057_row_names.csv
pavonia schwackei,M_PL_074_09_row_names.csv
payparola hulkiana,M_PL_071_row_names.csv
pedicularis flammea,M_PL_045_row_names.csv
pedicularis resupinata,M_PL_056_row_names.csv
pellegrinia hirsuta,M_PL_074_12_row_names.csv
penstemon gentianoides,M_PL_070_row_names.csv
penstemon roseus,M_PL_070_row_names.csv
pentachondra pumila,M_PL_019_row_names.csv
pepinia sp1 m_pl_071,M_PL_071_row_names.csv
periandra mediterranea,M_PL_074_09_row_names.csv
pernettya prostrata,M_PL_068_row_names.csv
persicaria aestiva,M_PL_057_row_names.csv
persicaria chinensis,M_PL_044_row_names.csv
persicaria conspicua,M_PL_055_row_names.csv; M_PL_057_row_names.csv
persicaria nipponensis,M_PL_055_row_names.csv
persicaria pubescens,M_PL_057_row_names.csv
persicaria sieboldi,M_PL_055_row_names.csv
persicaria thunbergii,M_PL_054_row_names.csv; M_PL_055_row_names.csv; M_PL_057_row_names.csv
persicaria yokusaiana,M_PL_054_row_names.csv; M_PL_055_row_names.csv; M_PL_057_row_names.csv
peucedanum joponicum,M_PL_044_row_names.csv
phebalium ovatifolium,M_PL_019_row_names.csv
philadelphus coronarius,M_PL_054_row_names.csv
philadelphus satsumi,M_PL_056_row_names.csv
phlox subulata,M_PL_054_row_names.csv
phoenicophorium borsigianum,M_PL_061_04_row_names.csv; M_PL_061_05_row_names.csv; M_PL_061_06_row_names.csv; M_PL_061_07_row_names.csv; M_PL_061_08_row_names.csv; M_PL_061_11_row_names.csv; M_PL_061_12_row_names.csv; M_PL_061_13_row_names.csv; M_PL_061_14_row_names.csv; M_PL_061_16_row_names.csv; M_PL_061_21_row_names.csv; M_PL_061_30_row_names.csv; M_PL_061_31_row_names.csv; M_PL_061_37_row_names.csv; M_PL_061_38_row_names.csv; M_PL_061_39_row_names.csv; M_PL_061_40_row_names.csv; M_PL_061_45_row_names.csv; M_PL_061_46_row_names.csv; M_PL_061_47_row_names.csv
photinia glabra,M_PL_054_row_names.csv
phragmites communis,M_PL_055_row_names.csv
phyllanthus phillyreifolius,M_PL_060_05_row_names.csv; M_PL_060_06_row_names.csv; M_PL_060_07_row_names.csv; M_PL_060_08_row_names.csv; M_PL_060_19_row_names.csv; M_PL_060_22_row_names.csv; M_PL_060_23_row_names.csv; M_PL_060_24_row_names.csv
physocalyx major,M_PL_074_09_row_names.csv
phytolacca americana,M_PL_054_row_names.csv
picris hieracioides japonica,M_PL_056_row_names.csv
pieris japonica,M_PL_054_row_names.csv
pilosocereus aurisetus,M_PL_074_17_row_names.csv
pilosocereus gounellei,M_PL_067_row_names.csv
pilosocereus sp1 m_pl_067,M_PL_067_row_names.csv
pimelea ligustrina,M_PL_019_row_names.csv
piper kadzura,M_PL_044_row_names.csv
piptolepis imbricata,M_PL_074_09_row_names.csv
piptolepis leptospermoides,M_PL_074_17_row_names.csv
pitcairnia heterophylla,M_PL_074_15_row_names.csv
pitcairnia nigra,M_PL_074_01_row_names.csv; M_PL_074_02_row_names.csv; M_PL_074_05_row_names.csv
pitcairnia sodiroi,M_PL_074_02_row_names.csv
pitcairnia sp2 m_pl_074_03,M_PL_074_03_row_names.csv
pithecellobium mangens,M_PL_065_row_names.csv
pithecoseris pacourinoides,M_PL_067_row_names.csv
pittosporum senacia,M_PL_060_05_row_names.csv; M_PL_060_08_row_names.csv; M_PL_060_09_row_names.csv; M_PL_061_16_row_names.csv; M_PL_061_40_row_names.csv; M_PL_061_46_row_names.csv
pittosporum tobira,M_PL_044_row_names.csv
plantago asiatica,M_PL_057_row_names.csv
plantago lanceolata,M_PL_006_row_names.csv
plantago major,M_PL_017_row_names.csv
pleurostylia leucocarpa,M_PL_060_12_row_names.csv
plumbago scandens,M_PL_067_row_names.csv
poa pratensis,M_PL_056_row_names.csv
podophyllum peltatum,M_PL_025_row_names.csv
polemonium caeruleum yezoense,M_PL_056_row_names.csv
pollia japonica,M_PL_044_row_names.csv; M_PL_054_row_names.csv; M_PL_057_row_names.csv
polygonatum lasianthum,M_PL_056_row_names.csv
polygonatum macranthum,M_PL_056_row_names.csv
polygonum amphibium,M_PL_073_row_names.csv
polygonum viviparum,M_PL_045_row_names.csv
polymnia uvedalia,M_PL_073_row_names.csv
polyscias mauritiana,M_PL_060_04_row_names.csv; M_PL_060_05_row_names.csv; M_PL_060_06_row_names.csv
potentilla egedei,M_PL_055_row_names.csv
potentilla freyniana,M_PL_056_row_names.csv
potentilla rubricaulis,M_PL_045_row_names.csv
potentilla sundaica,M_PL_057_row_names.csv
potentilla vahliana,M_PL_024_row_names.csv
prasophyllum alpinum,M_PL_019_row_names.csv
premna corymbosa,M_PL_044_row_names.csv
premna microphylla,M_PL_044_row_names.csv
premna serratifolia,M_PL_061_06_row_names.csv; M_PL_061_26_row_names.csv; M_PL_061_27_row_names.csv; M_PL_061_28_row_names.csv; M_PL_061_29_row_names.csv; M_PL_061_32_row_names.csv
prenanthes tanakae,M_PL_055_row_names.csv
primula veris,M_PL_007_row_names.csv
prostanthera cuneata,M_PL_019_row_names.csv
proteopsis argentea,M_PL_074_09_row_names.csv
protium sp1 m_pl_074_17,M_PL_074_17_row_names.csv
prunella vulgaris,M_PL_006_row_names.csv; M_PL_055_row_names.csv; M_PL_070_row_names.csv
prunus jamasakura,M_PL_057_row_names.csv
prunus maximowiczii,M_PL_056_row_names.csv
prunus nipponica,M_PL_056_row_names.csv
prunus sp1 m_pl_054,M_PL_054_row_names.csv
prunus tomentosa,M_PL_054_row_names.csv
psammisia aberrans,M_PL_074_01_row_names.csv; M_PL_074_02_row_names.csv; M_PL_074_05_row_names.csv
psammisia ecuadorensis,M_PL_074_01_row_names.csv; M_PL_074_02_row_names.csv
psammisia oreogenes,M_PL_074_01_row_names.csv
psammisia pauciflora,M_PL_074_01_row_names.csv
psammisia sodiroi,M_PL_074_01_row_names.csv; M_PL_074_02_row_names.csv
psammisia ulbrichiana,M_PL_074_01_row_names.csv; M_PL_074_02_row_names.csv; M_PL_074_05_row_names.csv
psathura terniflora,M_PL_060_20_row_names.csv
pseudostellaria heterantha,M_PL_056_row_names.csv
psiadia terebinthina,M_PL_060_01_row_names.csv; M_PL_060_02_row_names.csv; M_PL_060_03_row_names.csv; M_PL_060_04_row_names.csv; M_PL_060_05_row_names.csv; M_PL_060_06_row_names.csv; M_PL_060_07_row_names.csv; M_PL_060_08_row_names.csv; M_PL_060_13_row_names.csv; M_PL_060_14_row_names.csv; M_PL_060_15_row_names.csv; M_PL_060_16_row_names.csv; M_PL_060_17_row_names.csv; M_PL_060_18_row_names.csv; M_PL_060_19_row_names.csv; M_PL_060_20_row_names.csv; M_PL_060_24_row_names.csv
psidium cattleianum,M_PL_060_16_row_names.csv; M_PL_060_17_row_names.csv; M_PL_060_18_row_names.csv; M_PL_060_19_row_names.csv; M_PL_060_20_row_names.csv; M_PL_060_24_row_names.csv; M_PL_061_12_row_names.csv; M_PL_061_26_row_names.csv; M_PL_061_27_row_names.csv; M_PL_061_28_row_names.csv; M_PL_061_29_row_names.csv
psidium sp1 m_pl_067,M_PL_067_row_names.csv
psittacanthus calyculatus,M_PL_065_row_names.csv
psittacanthus cucullaris,M_PL_074_06_row_names.csv
psittacanthus dichrous,M_PL_063_row_names.csv; M_PL_074_07_row_names.csv; M_PL_074_08_row_names.csv; M_PL_074_10_row_names.csv; M_PL_074_13_row_names.csv
psittacanthus lasianthus,M_PL_071_row_names.csv
psittacanthus rhynchanthus,M_PL_074_14_row_names.csv
pslicourea quadrifolia,M_PL_071_row_names.csv
psoralea bituminosa,M_PL_058_row_names.csv
psychotria bahiensis,M_PL_071_row_names.csv
psychotria costivenia,M_PL_074_14_row_names.csv
psychotria homalosperma,M_PL_044_row_names.csv
psychotria leiocarpa,M_PL_063_row_names.csv
psychotria mapourioides,M_PL_074_04_row_names.csv
psychotria muscosa,M_PL_074_04_row_names.csv
psychotria nemorosa,M_PL_074_07_row_names.csv
psychotria nuda,M_PL_074_07_row_names.csv; M_PL_074_08_row_names.csv; M_PL_074_13_row_names.csv; M_PL_074_18_row_names.csv
psychotria peppigiana,M_PL_071_row_names.csv
psychotria pervillei,M_PL_061_04_row_names.csv; M_PL_061_05_row_names.csv; M_PL_061_06_row_names.csv; M_PL_061_07_row_names.csv; M_PL_061_12_row_names.csv; M_PL_061_13_row_names.csv; M_PL_061_19_row_names.csv; M_PL_061_20_row_names.csv; M_PL_061_21_row_names.csv; M_PL_061_22_row_names.csv; M_PL_061_23_row_names.csv; M_PL_061_38_row_names.csv; M_PL_061_44_row_names.csv; M_PL_061_45_row_names.csv
psychotria platypoda,M_PL_071_row_names.csv
psychotria sepens,M_PL_044_row_names.csv
psychotria sp1 m_pl_074_04,M_PL_074_04_row_names.csv
psychotria suterella,M_PL_069_01_row_names.csv
psychotria vellosiana,M_PL_074_17_row_names.csv
psyllocarpus laricoides,M_PL_074_09_row_names.csv
psylocarpus sp1 m_pl_074_09,M_PL_074_09_row_names.csv
ptantago asiatica,M_PL_055_row_names.csv
puya clava-herculis,M_PL_068_row_names.csv
puya pseudoeryngioides,M_PL_074_12_row_names.csv
pyracantha angustifolia,M_PL_054_row_names.csv
pyracantha crenulata,M_PL_054_row_names.csv
pyrola alpina,M_PL_056_row_names.csv
pyrola grandiflora,M_PL_045_row_names.csv
pyrola incarnata,M_PL_056_row_names.csv
pyrola secunda,M_PL_004_row_names.csv
pyrostegia venusta,M_PL_063_row_names.csv; M_PL_074_11_row_names.csv
pyrostria fasciculata,M_PL_060_07_row_names.csv; M_PL_060_10_row_names.csv
qualea multiflora,M_PL_074_11_row_names.csv
quararibea lasiocalyx,M_PL_074_06_row_names.csv
quesnelia arvensis,M_PL_074_07_row_names.csv
quesnelia humilis,M_PL_074_07_row_names.csv
quesnelia marmorata,M_PL_074_07_row_names.csv
rabdosia longituba,M_PL_057_row_names.csv
rabdosia trichocarpa,M_PL_057_row_names.csv
racinaea tetrantha,M_PL_068_row_names.csv
ranunculus acris,M_PL_006_row_names.csv; M_PL_007_row_names.csv
ranunculus japonicus,M_PL_055_row_names.csv; M_PL_056_row_names.csv
ranunculus sieboldii,M_PL_044_row_names.csv
ranunculus silerifolius,M_PL_057_row_names.csv
reldia grandiflora,M_PL_074_03_row_names.csv
renealmia sessilifolia,M_PL_074_01_row_names.csv; M_PL_074_02_row_names.csv; M_PL_074_05_row_names.csv
renealmia sp1 m_pl_071,M_PL_071_row_names.csv
renealmia sp1 m_pl_074_04,M_PL_074_04_row_names.csv
retiniphyllum rhabdocalyx,M_PL_071_row_names.csv
reynoutria japonica,M_PL_044_row_names.csv; M_PL_056_row_names.csv; M_PL_057_row_names.csv
rhamnella franguloides,M_PL_044_row_names.csv
rhaphiolepis indica,M_PL_044_row_names.csv
rhododendron degronianum,M_PL_056_row_names.csv
rhododendron kaempferi,M_PL_057_row_names.csv
rhododendron lapponicum,M_PL_045_row_names.csv
rhododendron macrosepalum,M_PL_054_row_names.csv
rhododendron mucronata,M_PL_054_row_names.csv
rhododendron oomurasalei,M_PL_054_row_names.csv
rhododendron tashiroi,M_PL_044_row_names.csv
rhododendron wadanum,M_PL_056_row_names.csv
rhus javanica,M_PL_054_row_names.csv; M_PL_057_row_names.csv
rhus sylvestris,M_PL_054_row_names.csv
rhynchotechum discolor,M_PL_044_row_names.csv
ribes incarnatum,M_PL_074_12_row_names.csv
ribes magellanicum,M_PL_051_row_names.csv
ribes maximowiczianum,M_PL_056_row_names.csv
richea continentis,M_PL_019_row_names.csv
rodgersia podophylla,M_PL_056_row_names.csv
rogiera cordata,M_PL_074_14_row_names.csv
rorippa indica,M_PL_057_row_names.csv
rosa borboniana,M_PL_054_row_names.csv
rosa eglanteria,M_PL_051_row_names.csv
rosa multtlflora,M_PL_055_row_names.csv
roscheria melanochaetes,M_PL_061_09_row_names.csv; M_PL_061_11_row_names.csv; M_PL_061_15_row_names.csv; M_PL_061_18_row_names.csv; M_PL_061_19_row_names.csv; M_PL_061_20_row_names.csv; M_PL_061_21_row_names.csv; M_PL_061_23_row_names.csv; M_PL_061_36_row_names.csv; M_PL_061_37_row_names.csv; M_PL_061_38_row_names.csv; M_PL_061_43_row_names.csv; M_PL_061_45_row_names.csv; M_PL_061_47_row_names.csv
rosmarinus officinalis,M_PL_058_row_names.csv
roussea simplex,M_PL_060_01_row_names.csv; M_PL_060_02_row_names.csv; M_PL_060_03_row_names.csv; M_PL_060_04_row_names.csv; M_PL_060_05_row_names.csv
rovaeanthus strigosus,M_PL_074_14_row_names.csv; M_PL_074_15_row_names.csv
rubiaceae sp3 m_pl_074_01,M_PL_074_01_row_names.csv
rubus alcefolius,M_PL_060_24_row_names.csv
rubus buergeri,M_PL_057_row_names.csv
rubus crataegifolius,M_PL_057_row_names.csv
rubus croceacanthus,M_PL_044_row_names.csv
rubus fruticosus,M_PL_017_row_names.csv
rubus grayanus,M_PL_044_row_names.csv
rubus idaeus,M_PL_056_row_names.csv
rubus palmatus,M_PL_057_row_names.csv
rubus pungens,M_PL_056_row_names.csv
rubus rosaefolius,M_PL_064_row_names.csv
rubus sieboldii,M_PL_044_row_names.csv
rubus sp1 m_pl_074_12,M_PL_074_12_row_names.csv
rudbeckia hirta,M_PL_073_row_names.csv
rudbeckia laciniata,M_PL_073_row_names.csv
ruellia asperula,M_PL_067_row_names.csv
ruellia brevifolia,M_PL_064_row_names.csv
ruellia densa,M_PL_074_09_row_names.csv
ruellia elegans,M_PL_074_18_row_names.csv
ruellia subsessilis,M_PL_064_row_names.csv
russelia sarmentosa,M_PL_074_14_row_names.csv
ruta chalepensis,M_PL_058_row_names.csv
rutaceae sp1 m_pl_074_01,M_PL_074_01_row_names.csv
ryania pyrifera,M_PL_071_row_names.csv
ryania speciosa,M_PL_074_04_row_names.csv
sabicea grisea,M_PL_074_08_row_names.csv; M_PL_074_13_row_names.csv; M_PL_074_18_row_names.csv
sagittaria trifolia,M_PL_055_row_names.csv
salix fragilis,M_PL_033_row_names.csv
salix sp1 m_pl_045,M_PL_045_row_names.csv
salsola komarovii,M_PL_044_row_names.csv
salvia chiapensis,M_PL_074_15_row_names.csv
salvia elegans,M_PL_070_row_names.csv
salvia japonica,M_PL_055_row_names.csv
salvia mocinoi,M_PL_070_row_names.csv
salvia quitensis,M_PL_074_05_row_names.csv
salvia scutellarioides,M_PL_074_03_row_names.csv
salvia sp1 m_pl_074_01,M_PL_074_01_row_names.csv
salvia tonalensis,M_PL_074_14_row_names.csv
salvia urica,M_PL_074_15_row_names.csv
sambucus racemosa,M_PL_057_row_names.csv
sambucus sp1 m_pl_074_01,M_PL_074_01_row_names.csv
sanchezia munita,M_PL_074_06_row_names.csv
sanchezia putumayensis,M_PL_074_06_row_names.csv
sangiunaria canadensis,M_PL_025_row_names.csv
saracha punctata,M_PL_074_12_row_names.csv
sarcopera anomala,M_PL_074_02_row_names.csv
sarcopera sp1 m_pl_074_01,M_PL_074_01_row_names.csv
satchys tenuifolia,M_PL_073_row_names.csv
satyria panurensis,M_PL_071_row_names.csv
saurauia scabrida,M_PL_074_14_row_names.csv; M_PL_074_15_row_names.csv
saxifraga caespitosa,M_PL_045_row_names.csv
saxifraga tricuspidata,M_PL_045_row_names.csv
scabiosa japonica,M_PL_056_row_names.csv
scabiosa stellata,M_PL_058_row_names.csv
scaevola frutescens,M_PL_044_row_names.csv
schefflera octophylla,M_PL_044_row_names.csv
schima wallichii,M_PL_044_row_names.csv
schinus patagonicus,M_PL_051_row_names.csv
schwartzia adamantium,M_PL_074_09_row_names.csv
schwartzia brasiliensis,M_PL_074_07_row_names.csv; M_PL_074_08_row_names.csv; M_PL_074_10_row_names.csv; M_PL_074_13_row_names.csv
scirpus triqueter,M_PL_055_row_names.csv
scleria terrestris,M_PL_044_row_names.csv
scrophularia marilandica,M_PL_073_row_names.csv
securinega suffruticosa,M_PL_044_row_names.csv; M_PL_054_row_names.csv
sedum aizoon,M_PL_056_row_names.csv
sedum formosanum,M_PL_044_row_names.csv
sedum sediforme,M_PL_058_row_names.csv
senecio cannabifolius,M_PL_056_row_names.csv
senecio gunnii,M_PL_019_row_names.csv
senecio jacobea,M_PL_017_row_names.csv
senecio lautus,M_PL_019_row_names.csv
senecio nemorensis,M_PL_056_row_names.csv
senecio nikoensis,M_PL_057_row_names.csv
senecio pectinatus,M_PL_019_row_names.csv
senecio pierotii,M_PL_055_row_names.csv
serissa japonica,M_PL_054_row_names.csv
serjania lethalis,M_PL_074_11_row_names.csv
serjania mexicana,M_PL_074_14_row_names.csv
serratula coronata insularis,M_PL_056_row_names.csv
sideroxylon cinereum,M_PL_060_01_row_names.csv; M_PL_060_02_row_names.csv; M_PL_060_04_row_names.csv; M_PL_060_13_row_names.csv; M_PL_060_14_row_names.csv; M_PL_060_15_row_names.csv
sideroxylon puberulum,M_PL_060_05_row_names.csv; M_PL_060_06_row_names.csv; M_PL_060_07_row_names.csv; M_PL_060_17_row_names.csv; M_PL_060_18_row_names.csv; M_PL_060_19_row_names.csv
silene acaulis,M_PL_045_row_names.csv
sinningia cooperi,M_PL_063_row_names.csv
sinningia douglasii,M_PL_069_01_row_names.csv
sinningia elatior,M_PL_063_row_names.csv
sinningia glazioviana,M_PL_063_row_names.csv
sinningia sp1 m_pl_074_10,M_PL_074_10_row_names.csv
siphocampylus convolvulaceus,M_PL_063_row_names.csv
siphocampylus fimbriatus,M_PL_074_17_row_names.csv
siphocampylus giganteus,M_PL_068_row_names.csv
siphocampylus lauroanus,M_PL_063_row_names.csv
siphocampylus longipedunculatus,M_PL_063_row_names.csv
siphocampylus paramicola,M_PL_068_row_names.csv
siphocampylus sp2 m_pl_074_03,M_PL_074_03_row_names.csv
sisyranthus trichostomus,M_PL_013_row_names.csv
smilacina trifolia,M_PL_033_row_names.csv
smilax anceps,M_PL_060_07_row_names.csv; M_PL_060_08_row_names.csv; M_PL_060_22_row_names.csv
solanum carolinense,M_PL_073_row_names.csv
solanum melongena,M_PL_055_row_names.csv
solenophora glomerata,M_PL_074_15_row_names.csv
solidago sp1 m_pl_073,M_PL_073_row_names.csv
solidago virgaurea asiatica,M_PL_056_row_names.csv
sonchus tenerrinus,M_PL_058_row_names.csv
sorbus commixta,M_PL_056_row_names.csv
soulamea terminaloides,M_PL_061_01_row_names.csv; M_PL_061_09_row_names.csv; M_PL_061_10_row_names.csv; M_PL_061_15_row_names.csv; M_PL_061_18_row_names.csv; M_PL_061_24_row_names.csv; M_PL_061_46_row_names.csv
spathacanthus parviflorus,M_PL_074_15_row_names.csv
spiraea alba,M_PL_033_row_names.csv
spiraea blumei,M_PL_054_row_names.csv
spiraea cantoniensis,M_PL_054_row_names.csv
spiraea thunbergii,M_PL_054_row_names.csv
spiraea tossensis,M_PL_054_row_names.csv
spiranthes sinensis,M_PL_054_row_names.csv
spirotheca rivieri,M_PL_063_row_names.csv; M_PL_074_10_row_names.csv
stachytarpheta cayennensis,M_PL_074_13_row_names.csv; M_PL_074_18_row_names.csv
stachytarpheta glabra,M_PL_074_17_row_names.csv
stachytarpheta mexiae,M_PL_074_17_row_names.csv
stachytarpheta sp1 m_pl_074_08,M_PL_074_08_row_names.csv
stachytarpheta sp2 m_pl_074_09,M_PL_074_09_row_names.csv
stachyurus praecox,M_PL_057_row_names.csv
stackhousia pulvinaris,M_PL_019_row_names.csv
staelia galioides,M_PL_067_row_names.csv
staphylea bumalda,M_PL_057_row_names.csv
stauntonia hexaphylla,M_PL_044_row_names.csv
stellaria alsine,M_PL_057_row_names.csv
stellaria media,M_PL_055_row_names.csv
stellaria pubera,M_PL_025_row_names.csv
stellaria uchiyamana,M_PL_057_row_names.csv
stenactis annuus,M_PL_054_row_names.csv; M_PL_057_row_names.csv
stenostephanus monolophus,M_PL_074_15_row_names.csv
stenostephanus sanguineus,M_PL_074_03_row_names.csv
stephanandra incisa,M_PL_057_row_names.csv
stewartia monadelpha,M_PL_054_row_names.csv
stigmaphyllon auriculatum,M_PL_059_row_names.csv
stigmaphyllon ciliatum,M_PL_059_row_names.csv
stigmaphyllon paralias,M_PL_059_row_names.csv
stillingia lineata,M_PL_060_03_row_names.csv; M_PL_060_04_row_names.csv; M_PL_060_05_row_names.csv; M_PL_060_06_row_names.csv; M_PL_060_07_row_names.csv; M_PL_060_08_row_names.csv; M_PL_060_09_row_names.csv; M_PL_060_10_row_names.csv; M_PL_060_11_row_names.csv; M_PL_060_12_row_names.csv; M_PL_060_15_row_names.csv; M_PL_060_16_row_names.csv; M_PL_060_17_row_names.csv; M_PL_060_18_row_names.csv; M_PL_060_19_row_names.csv; M_PL_060_20_row_names.csv; M_PL_060_21_row_names.csv; M_PL_060_22_row_names.csv; M_PL_060_23_row_names.csv; M_PL_060_24_row_names.csv
streptosolen jamesonii,M_PL_074_03_row_names.csv
stromanthe stromanthoides,M_PL_074_05_row_names.csv
stylidium graminifolium,M_PL_019_row_names.csv
styrax camporum,M_PL_074_11_row_names.csv
styrax glabrescens,M_PL_074_15_row_names.csv
styrax japonica,M_PL_044_row_names.csv
swertia bimaculata,M_PL_057_row_names.csv
swida macrophylla,M_PL_054_row_names.csv; M_PL_057_row_names.csv
swida stlonifera,M_PL_054_row_names.csv
symphiotrichum lanceolatum,M_PL_073_row_names.csv
symphonia globulifera,M_PL_071_row_names.csv; M_PL_074_04_row_names.csv
symplocos chinensis,M_PL_057_row_names.csv
symplocos longipes,M_PL_074_14_row_names.csv
symplocos microcalyx,M_PL_044_row_names.csv
synurus pungens,M_PL_056_row_names.csv
syringa vulgaris,M_PL_054_row_names.csv
syzygium commersonii,M_PL_060_10_row_names.csv; M_PL_060_11_row_names.csv
syzygium coriaceum,M_PL_060_08_row_names.csv; M_PL_060_09_row_names.csv; M_PL_060_10_row_names.csv; M_PL_060_11_row_names.csv; M_PL_060_20_row_names.csv; M_PL_060_21_row_names.csv; M_PL_060_22_row_names.csv; M_PL_060_23_row_names.csv
syzygium glomeratum,M_PL_060_12_row_names.csv
syzygium jambos,M_PL_074_04_row_names.csv; M_PL_074_08_row_names.csv
syzygium malaccense,M_PL_074_06_row_names.csv
syzygium mauritianum,M_PL_060_11_row_names.csv
syzygium petrinese,M_PL_060_10_row_names.csv; M_PL_060_11_row_names.csv; M_PL_060_12_row_names.csv; M_PL_060_23_row_names.csv; M_PL_060_24_row_names.csv
syzygium venosum,M_PL_060_04_row_names.csv
syzygium wrightii,M_PL_061_05_row_names.csv; M_PL_061_06_row_names.csv; M_PL_061_18_row_names.csv; M_PL_061_21_row_names.csv; M_PL_061_24_row_names.csv; M_PL_061_37_row_names.csv; M_PL_061_45_row_names.csv; M_PL_061_46_row_names.csv
tabebuia cassinoides,M_PL_074_08_row_names.csv
tabebuia donnell-smithii,M_PL_065_row_names.csv
tabebuia impetiginosa,M_PL_067_row_names.csv
tabebuia stenocalyx,M_PL_074_04_row_names.csv
tabernaemontana cymosa,M_PL_074_04_row_names.csv
tabernaemontana persicarifolia,M_PL_060_08_row_names.csv; M_PL_060_09_row_names.csv; M_PL_060_20_row_names.csv
tabernamontana macrocalyx,M_PL_071_row_names.csv
tachia occidentalis,M_PL_071_row_names.csv
tachigali paniculata,M_PL_074_06_row_names.csv
tacinga inamoena,M_PL_067_row_names.csv
tacinga palmadora,M_PL_067_row_names.csv
talipariti tiliaceum,M_PL_074_08_row_names.csv
taraxacum hondoense,M_PL_056_row_names.csv
taraxacum japonicum,M_PL_054_row_names.csv; M_PL_055_row_names.csv
taraxacum officinale,M_PL_006_row_names.csv; M_PL_007_row_names.csv
taraxacum sp1 m_pl_024,M_PL_024_row_names.csv
thalictrum filamentosum tenerum,M_PL_056_row_names.csv
thalictrum thalictroides,M_PL_025_row_names.csv
thibaudia floribunda,M_PL_074_03_row_names.csv
thymelaea hirusta,M_PL_058_row_names.csv
tiarella cordifolia collina,M_PL_025_row_names.csv
tilia japonica,M_PL_054_row_names.csv
tilia miqueliana,M_PL_054_row_names.csv
tillandsia bartramii,M_PL_065_row_names.csv
tillandsia complanata,M_PL_068_row_names.csv; M_PL_074_02_row_names.csv
tillandsia dasyrifolia,M_PL_065_row_names.csv
tillandsia dura,M_PL_063_row_names.csv
tillandsia fasciculata,M_PL_074_04_row_names.csv
tillandsia gardneri,M_PL_074_07_row_names.csv; M_PL_074_17_row_names.csv
tillandsia geminiflora,M_PL_063_row_names.csv; M_PL_074_07_row_names.csv; M_PL_074_13_row_names.csv; M_PL_074_18_row_names.csv
tillandsia guatemalensis,M_PL_074_15_row_names.csv
tillandsia orbicularis,M_PL_068_row_names.csv
tillandsia paucifolia,M_PL_065_row_names.csv
tillandsia ponderosa,M_PL_074_15_row_names.csv
tillandsia sp1 m_pl_063,M_PL_063_row_names.csv
tillandsia sp1 m_pl_069_01,M_PL_069_01_row_names.csv
tillandsia stricta,M_PL_063_row_names.csv; M_PL_074_07_row_names.csv; M_PL_074_10_row_names.csv
tillandsia utriculata,M_PL_074_04_row_names.csv
timonius sechellensis,M_PL_061_05_row_names.csv
toddalia asiatica,M_PL_060_01_row_names.csv; M_PL_060_02_row_names.csv; M_PL_060_03_row_names.csv; M_PL_060_04_row_names.csv; M_PL_060_14_row_names.csv; M_PL_060_15_row_names.csv
torilis japonica,M_PL_017_row_names.csv; M_PL_054_row_names.csv; M_PL_057_row_names.csv
tradescantia ohiensis,M_PL_054_row_names.csv
trema orientalis,M_PL_044_row_names.csv
trichanthera gigantea,M_PL_074_16_row_names.csv
trientalis borealis,M_PL_004_row_names.csv
trifolium dubium,M_PL_006_row_names.csv; M_PL_007_row_names.csv
trifolium pratense,M_PL_006_row_names.csv; M_PL_017_row_names.csv
trifolium repens,M_PL_006_row_names.csv; M_PL_007_row_names.csv; M_PL_054_row_names.csv; M_PL_057_row_names.csv
trigonotis brevipes,M_PL_057_row_names.csv
trillium catesbei,M_PL_025_row_names.csv
trillium undulatum,M_PL_004_row_names.csv
triplaris americana,M_PL_074_14_row_names.csv
tristerix corymbosus,M_PL_051_row_names.csv
tristerix longebracteatus,M_PL_068_row_names.csv; M_PL_074_12_row_names.csv
tristhema mauritiana,M_PL_060_10_row_names.csv; M_PL_060_11_row_names.csv; M_PL_060_20_row_names.csv
triumfetta speciosa,M_PL_074_14_row_names.csv
trixis vauthieri,M_PL_074_17_row_names.csv
trochetia blackburniana,M_PL_060_13_row_names.csv; M_PL_060_14_row_names.csv; M_PL_060_15_row_names.csv
trollius hondoensis,M_PL_056_row_names.csv
tropaeolum bicolor,M_PL_074_12_row_names.csv
turraea rigida,M_PL_060_08_row_names.csv; M_PL_060_09_row_names.csv
ulmus davidiana,M_PL_054_row_names.csv
unidentified sp1 m_pl_067,M_PL_067_row_names.csv
unidentified sp1 m_pl_074_02,M_PL_074_02_row_names.csv
unidentified sp2 m_pl_074_14,M_PL_074_14_row_names.csv
unidentified sp3 m_pl_074_14,M_PL_074_14_row_names.csv
unidentified sp4 m_pl_074_14,M_PL_074_14_row_names.csv
urospermum picrioides,M_PL_058_row_names.csv
uvularia sessilifolia,M_PL_025_row_names.csv
vaccinium floribundum,M_PL_068_row_names.csv; M_PL_074_12_row_names.csv
vaccinium myrtilloides,M_PL_033_row_names.csv
vaccinium oldhami,M_PL_054_row_names.csv
vaccinium uliginosum,M_PL_045_row_names.csv
vaccinium wrightii,M_PL_044_row_names.csv
valeriana flaccidissima,M_PL_057_row_names.csv
vellozia epidendroides,M_PL_074_17_row_names.csv
vellozia hirsuta,M_PL_074_09_row_names.csv
veratrum album oxysepalum,M_PL_056_row_names.csv
veratrum maackii,M_PL_056_row_names.csv
verbena hastata,M_PL_073_row_names.csv
verbena urticifolia,M_PL_073_row_names.csv
verbesina alternifolia,M_PL_073_row_names.csv
vernonanthura phosphorica,M_PL_074_17_row_names.csv
veronica persica,M_PL_054_row_names.csv
veronicastrum sibiricum,M_PL_054_row_names.csv; M_PL_056_row_names.csv
viburnum dilatatum,M_PL_054_row_names.csv
viburnum erosum,M_PL_054_row_names.csv
viburnum furcatum,M_PL_056_row_names.csv
viburnum opulus,M_PL_056_row_names.csv
viburnum phlebotricum,M_PL_057_row_names.csv
viburnum plicatum,M_PL_057_row_names.csv
viburnum suspensum,M_PL_054_row_names.csv
vicea lutea,M_PL_058_row_names.csv
vicia cracca,M_PL_006_row_names.csv
vicia nigricans,M_PL_051_row_names.csv
vicia sativa,M_PL_006_row_names.csv
vicia venosa,M_PL_057_row_names.csv
vigna marina,M_PL_044_row_names.csv
viola grypoceras,M_PL_056_row_names.csv
viola mandshurica,M_PL_054_row_names.csv
viola papilionacea,M_PL_025_row_names.csv
viola pseudo-japonica,M_PL_044_row_names.csv
viola verecunda,M_PL_057_row_names.csv
viscaria alpina,M_PL_045_row_names.csv
vitex cannabifolia,M_PL_054_row_names.csv
vitex divaricata,M_PL_074_04_row_names.csv
vitex mollis,M_PL_065_row_names.csv
vitex rotundifolia,M_PL_044_row_names.csv
vochysia discolor,M_PL_074_09_row_names.csv
vochysia emarginata,M_PL_074_17_row_names.csv
vochysia sp1 m_pl_074_17,M_PL_074_17_row_names.csv
vochysia tucanorum,M_PL_074_11_row_names.csv
vriesea carinata,M_PL_063_row_names.csv; M_PL_069_01_row_names.csv
vriesea chrysostachys,M_PL_071_row_names.csv
vriesea ensiformis,M_PL_074_07_row_names.csv; M_PL_074_08_row_names.csv; M_PL_074_10_row_names.csv; M_PL_074_13_row_names.csv
vriesea erythrodactylon,M_PL_063_row_names.csv; M_PL_069_01_row_names.csv
vriesea flammea,M_PL_074_07_row_names.csv
vriesea incurvata,M_PL_063_row_names.csv; M_PL_069_01_row_names.csv; M_PL_074_07_row_names.csv
vriesea inflata,M_PL_063_row_names.csv
vriesea medusa,M_PL_074_17_row_names.csv
vriesea philippocoburgii,M_PL_074_07_row_names.csv; M_PL_074_10_row_names.csv
vriesea platynema,M_PL_074_10_row_names.csv
vriesea procera,M_PL_074_04_row_names.csv; M_PL_074_07_row_names.csv; M_PL_074_08_row_names.csv; M_PL_074_13_row_names.csv; M_PL_074_17_row_names.csv; M_PL_074_18_row_names.csv
vriesea rodigasiana,M_PL_074_07_row_names.csv; M_PL_074_08_row_names.csv; M_PL_074_10_row_names.csv; M_PL_074_18_row_names.csv
vriesea scalaris,M_PL_074_07_row_names.csv
vriesea simplex,M_PL_063_row_names.csv
vriesea sp1 m_pl_063,M_PL_063_row_names.csv
vriesea tequendamae,M_PL_074_03_row_names.csv
vriesea vagans,M_PL_069_01_row_names.csv; M_PL_074_10_row_names.csv
vvedelia biflora,M_PL_044_row_names.csv
wahlenbergia ceracea,M_PL_019_row_names.csv
walteria rotundifolia,M_PL_067_row_names.csv
waltheria sp1 m_pl_074_09,M_PL_074_09_row_names.csv
warneckea trinervis,M_PL_060_06_row_names.csv; M_PL_060_07_row_names.csv; M_PL_060_18_row_names.csv; M_PL_060_19_row_names.csv; M_PL_060_21_row_names.csv
warszewiczia coccinea,M_PL_074_04_row_names.csv
weigela decora,M_PL_056_row_names.csv
weigela hortensis,M_PL_054_row_names.csv; M_PL_057_row_names.csv
wendtandia formosana,M_PL_044_row_names.csv
wigandia urens,M_PL_074_15_row_names.csv
wikstroemia indica,M_PL_060_18_row_names.csv; M_PL_060_19_row_names.csv
wisteria floribunda,M_PL_054_row_names.csv; M_PL_057_row_names.csv
wittrockia superba,M_PL_063_row_names.csv
xylopia lamarckii,M_PL_060_09_row_names.csv
xyris sp1 m_pl_071,M_PL_060_12_row_names.csv
xysmalobium gerrardii,M_PL_013_row_names.csv
xysmalobium involucratum,M_PL_013_row_names.csv
youngia denticulata,M_PL_057_row_names.csv
youngia japonica,M_PL_044_row_names.csv
zingiberaceae sp1 m_pl_074_02,M_PL_074_02_row_names.csv
zygia lathetica,M_PL_071_row_names.csv
