"species","networks"
"Abarema brachystachya","M_PL_074_08"
"Abarema jupunba","M_PL_074_04"
"Abelia grandiflora","M_PL_054"
"Abutilon darwinii","M_PL_074_01"
"Acer carpinifolium","M_PL_057"
"Acer insulae","M_PL_044"
"Acer japonicum","M_PL_056"
"Acer shirasawanum","M_PL_056"
"Acer ukurunduense","M_PL_056"
"Achillea alpina","M_PL_056"
"Achillea millefolium","M_PL_006; M_PL_019"
"Achyranthes bidentata","M_PL_057"
"Aciphylla glacialis","M_PL_019"
"Acnistus arborescens","M_PL_074_18"
"Aconitum japonicum montanum","M_PL_056"
"Aconitum senanense","M_PL_056"
"Acritopappus longifolius","M_PL_074_17"
"Actinidia arguta","M_PL_057"
"Actinidia rufa","M_PL_044"
"Adenophora triphylla","M_PL_055; M_PL_056"
"Aechmea aquilega","M_PL_074_04"
"Aechmea blumenavii","M_PL_069_01"
"Aechmea bromeliifolia","M_PL_074_09"
"Aechmea chantiniii","M_PL_071"
"Aechmea coelestis","M_PL_074_10; M_PL_074_13"
"Aechmea contracta","M_PL_071; M_PL_074_06"
"Aechmea corymbosa","M_PL_071"
"Aechmea dichlamydea","M_PL_074_04"
"Aechmea distichantha","M_PL_063; M_PL_074_07; M_PL_074_08; M_PL_074_13"
"Aechmea fendleri","M_PL_074_04"
"Aechmea gamosepala","M_PL_063"
"Aechmea lamarchei","M_PL_074_17"
"Aechmea nudicaulis","M_PL_063; M_PL_074_04; M_PL_074_07; M_PL_074_08; M_PL_074_10; M_PL_074_13"
"Aechmea ornata","M_PL_074_10"
"Aechmea pectinata","M_PL_074_07; M_PL_074_08; M_PL_074_10; M_PL_074_13"
"Aechmea phanerophlebia","M_PL_074_09"
"Aechmea rubiginosa","M_PL_071"
"Aechmea vanhoutteana","M_PL_063"
"Aechmea williamsii","M_PL_074_06"
"Aeginetia indica","M_PL_044"
"Aegiphila perplexa","M_PL_074_04"
"Aeschynomene indica","M_PL_055"
"Aesculus camea","M_PL_054"
"Aesculus sylvatica","M_PL_025"
"Aetheorrina bulbosa","M_PL_058"
"Aethusa cynapium","M_PL_017"
"Agalinis angustifolia","M_PL_074_09; M_PL_074_17"
"Agarista coriifolia","M_PL_074_17"
"Agauria salicifolia","M_PL_060_04; M_PL_060_05; M_PL_060_06; M_PL_060_07"
"Ageratum houstonianum","M_PL_044"
"Agrimonia eupatoria","M_PL_017"
"Agrimonia pilosa","M_PL_057"
"Agrostis clavata","M_PL_056"
"Ajuga dictyocarpa","M_PL_044"
"Akebia quinata","M_PL_057"
"Alangium platanifolium","M_PL_057"
"Albizia pedicellaris","M_PL_074_08"
"Albizia saman","M_PL_074_04"
"Albizzia julibrissin","M_PL_057"
"Alisma canaliculatum","M_PL_055"
"Alium grayi","M_PL_055"
"Allamanda blanchetii","M_PL_067"
"Alloplectus savanarum","M_PL_071"
"Alocasia odora","M_PL_044"
"Alpinia formosana","M_PL_044"
"Alpinia intermedia","M_PL_044"
"Alstonia macrophylla","M_PL_061_07; M_PL_061_29; M_PL_061_47"
"Alstroemeria aurea","M_PL_051"
"Alstroemeria inodora","M_PL_063"
"Alyssum maritimum","M_PL_058"
"Amasonia arborea","M_PL_071"
"Ampelopsis brevipedunculata","M_PL_044; M_PL_055; M_PL_057"
"Amphicarpaea bracteata","M_PL_057"
"Amphilophium elongatum","M_PL_074_11"
"Anadenanthera macrocarpa","M_PL_067"
"Anaphalis margaritacea","M_PL_056"
"Andromeda glaucophylla","M_PL_033"
"Angelica polymorpha","M_PL_056; M_PL_057"
"Angelica pubescens","M_PL_056; M_PL_057"
"Angelica sylvestris","M_PL_017"
"Antidesma joponicum","M_PL_044"
"Antidesma madagascariense","M_PL_060_04; M_PL_060_05; M_PL_060_07; M_PL_060_09; M_PL_060_19; M_PL_060_20"
"Antirhea borbonica","M_PL_060_01; M_PL_060_02; M_PL_060_03; M_PL_060_04; M_PL_060_05; M_PL_060_06; M_PL_060_14; M_PL_060_15; M_PL_060_16; M_PL_060_17"
"Aphelandra colorata","M_PL_063"
"Aphelandra longiflora","M_PL_063"
"Aphelandra macrostachya","M_PL_071"
"Aphloia theiformis","M_PL_060_01; M_PL_060_02; M_PL_060_03; M_PL_060_04; M_PL_060_05; M_PL_060_06; M_PL_060_08; M_PL_060_09; M_PL_060_12; M_PL_060_14; M_PL_060_15; M_PL_060_16; M_PL_060_17; M_PL_060_18; M_PL_060_21; M_PL_060_22; M_PL_060_23; M_PL_060_24; M_PL_061_18; M_PL_061_19; M_PL_061_20; M_PL_061_22"
"Apocynum cannabinum","M_PL_073"
"Aquilegia buergeriana","M_PL_056"
"Arabis hirsuta","M_PL_056"
"Arabis lyrata kamtschatica","M_PL_056"
"Arachnothryx gonzaleoides","M_PL_074_14"
"Aralia cordata","M_PL_057"
"Aralia nudicaulis","M_PL_004"
"Aralta elata","M_PL_057"
"Ardisia nigrescens","M_PL_074_15"
"Ardisia pusilla","M_PL_044"
"Ardisia quinquegona","M_PL_044"
"Ardisia sieboldii","M_PL_044"
"Aristotelia chilensis","M_PL_051"
"Arnica alpina","M_PL_024"
"Aronia melanocarpa","M_PL_033"
"Arpophyllum giganteum","M_PL_074_15"
"Asclepias cucullata","M_PL_013"
"Asclepias syriaca","M_PL_073"
"Asclepias woodii","M_PL_013"
"Asperula gunnii","M_PL_019"
"Aspidonepsis diploglossa","M_PL_013"
"Aspilia foliosa","M_PL_074_09"
"Aster ageratoides","M_PL_054; M_PL_057"
"Aster ageratoides amplexifolius","M_PL_056; M_PL_057"
"Aster ageratoides ovatus","M_PL_056; M_PL_057"
"Aster asa-grayi","M_PL_044"
"Aster glehni","M_PL_056; M_PL_057"
"Aster subulatus","M_PL_057"
"Astilbe thunbergii","M_PL_056; M_PL_057"
"Astragalus sinicus","M_PL_054"
"Aucuba japonica","M_PL_054"
"Baccharis trimera","M_PL_054"
"Badula insularis","M_PL_060_12; M_PL_060_24"
"Badula platiphylla","M_PL_060_06; M_PL_060_07; M_PL_060_18; M_PL_060_19"
"Baeckia gunniana","M_PL_019"
"Bakerella hoyifolia","M_PL_060_07"
"Banisteriopsis muricata","M_PL_059"
"Banisteriopsis schizoptera","M_PL_059"
"Banisteriopsis stellaris","M_PL_059"
"Barbacenia flava","M_PL_074_09; M_PL_074_17"
"Barbacenia gardneri","M_PL_074_09"
"Barbacenia gentianoides","M_PL_074_17"
"Barbacenia longiflora","M_PL_074_09"
"Barbacenia luzulifolia","M_PL_074_17"
"Barnadesia spinosa","M_PL_068"
"Barringtonia racemosa","M_PL_044"
"Bauhinia brevipes","M_PL_074_11"
"Bauhinia cheilantha","M_PL_067"
"Bauhinia japonica","M_PL_044"
"Bauhinia rufa","M_PL_074_11"
"Bejaria aestuans","M_PL_068; M_PL_074_14"
"Belamcanda chinensis","M_PL_044"
"Berberis buxifolia","M_PL_051"
"Berberis darwinii","M_PL_051"
"Berberis lutea","M_PL_074_12"
"Berberis thunbergii","M_PL_054"
"Bertiera zaluzania","M_PL_060_03; M_PL_060_04; M_PL_060_05; M_PL_060_06; M_PL_060_15; M_PL_060_16; M_PL_060_17"
"Besella rubra","M_PL_054"
"Besleria longimucronata","M_PL_063; M_PL_074_18"
"Besleria riparia","M_PL_074_03"
"Besleria solanoides","M_PL_074_01; M_PL_074_02; M_PL_074_03; M_PL_074_16"
"Bidens frondosa","M_PL_055"
"Bidens pilosa","M_PL_044"
"Billbergia amoena","M_PL_063; M_PL_069_01; M_PL_074_17"
"Billbergia decora","M_PL_071"
"Billbergia porteana","M_PL_074_11"
"Billbergia pyramidalis","M_PL_074_04; M_PL_074_07; M_PL_074_08; M_PL_074_13"
"Billbergia vittata","M_PL_074_17"
"Bistorta tenuicaulis","M_PL_057"
"Blastus cochinchinensis","M_PL_044"
"Bomarea brevis","M_PL_074_12"
"Bomarea carderi","M_PL_074_03; M_PL_074_16"
"Bomarea edulis","M_PL_074_13; M_PL_074_18"
"Bomarea linifolia","M_PL_068"
"Bomarea multiflora","M_PL_074_02; M_PL_074_03"
"Bomarea pardina","M_PL_074_01; M_PL_074_02; M_PL_074_05"
"Bomarea patinii","M_PL_074_03"
"Bomarea setacea","M_PL_074_12"
"Bouvardia ternifolia","M_PL_070"
"Brachycome scapiformis","M_PL_019"
"Brachycome scapigera","M_PL_019"
"Brachycome stolonifera","M_PL_019"
"Brachyotum ledifolium","M_PL_068"
"Brachyotum lindenii","M_PL_068"
"Brachyotum lutescens","M_PL_074_12"
"Brachyotum naudinii","M_PL_074_12"
"Brassica campestris","M_PL_044"
"Brassica fruticulosa","M_PL_058"
"Bredia hirsuta","M_PL_044"
"Bromelia antiacantha","M_PL_074_13"
"Bromelia balansae","M_PL_074_11"
"Brownea coccinea capitella","M_PL_074_04"
"Brugmansia arborea","M_PL_074_01"
"Buddleia davidii","M_PL_054"
"Buddleja brasiliensis","M_PL_074_07"
"Burmeistera cyclostigmata","M_PL_074_01"
"Burmeistera multiflora","M_PL_074_02; M_PL_074_05"
"Byrsonima gardnerana","M_PL_059"
"Caamembeca oleifolia","M_PL_074_09"
"Cacalia adenostyloides","M_PL_056"
"Cacalia hastata farfaraefolia","M_PL_056"
"Caesalpinia pulcherrima","M_PL_065"
"Caesalpinia pyramidalis","M_PL_067"
"Calamagrostis arundinacea","M_PL_057"
"Calathea capitata","M_PL_074_06"
"Calathea communis","M_PL_074_10"
"Calathea ischnosiphonoides","M_PL_074_02"
"Calathea zingiberea","M_PL_071"
"Calceolaria crenatiflora","M_PL_051"
"Calliandra guildingii","M_PL_074_04"
"Calliandra magdalenae","M_PL_074_14"
"Callianthe rufinerva","M_PL_063"
"Callicarpa japonica","M_PL_044; M_PL_054; M_PL_057"
"Calolisianthus pendulus","M_PL_074_17"
"Calolisianthus pulcherrimus","M_PL_074_09"
"Calophyllum eputamen","M_PL_060_09; M_PL_060_11; M_PL_060_12; M_PL_060_24"
"Calopogon pulchellus","M_PL_033"
"Caltha palustris","M_PL_024"
"Calystegia japonica","M_PL_054"
"Calystegia sepium","M_PL_073"
"Camellia japonica","M_PL_054"
"Camellia sasanqua","M_PL_054"
"Campanula gieseckiana","M_PL_045"
"Campanula punctata","M_PL_056"
"Campnosperma seychellarum","M_PL_061_19; M_PL_061_23; M_PL_061_38"
"Campsis grandiflora","M_PL_054"
"Campsis radicans","M_PL_073"
"Canavalia lineata","M_PL_044"
"Canistrum cyathiforme","M_PL_074_10"
"Canistrum fragrans","M_PL_074_10"
"Canistrum perplexum","M_PL_063"
"Canistrum terminalis","M_PL_074_07"
"Canna paniculata","M_PL_063; M_PL_074_18"
"Canthium bibracteatum","M_PL_061_03; M_PL_061_04; M_PL_061_05; M_PL_061_06; M_PL_061_07; M_PL_061_08; M_PL_061_11; M_PL_061_12; M_PL_061_14; M_PL_061_15; M_PL_061_25; M_PL_061_26; M_PL_061_28; M_PL_061_30; M_PL_061_31; M_PL_061_32; M_PL_061_43; M_PL_061_44; M_PL_061_46; M_PL_061_48"
"Cardamine angustata angustata","M_PL_025"
"Cardamine regeliana","M_PL_054; M_PL_057"
"Cardamine tanakae","M_PL_057"
"Cardamine tyrata","M_PL_055"
"Cardiandra alternifolia","M_PL_057"
"Carex curvicollis","M_PL_057"
"Carolus chasei","M_PL_059"
"Caryocar brasiliense","M_PL_074_11"
"Casearia coriacea","M_PL_060_09; M_PL_060_11; M_PL_060_23"
"Casearia sylvestris","M_PL_074_11"
"Castanopsis sieboldii","M_PL_044"
"Castilleja scorzonerifolia","M_PL_070"
"Castilleja tenuiflora","M_PL_070"
"Cavendishia bracteata","M_PL_074_03; M_PL_074_15; M_PL_074_16"
"Cavendishia grandifolia","M_PL_074_01"
"Cavendishia nitida","M_PL_074_03"
"Cavendishia tarapotana","M_PL_074_01; M_PL_074_05"
"Cayratia japonica","M_PL_054"
"Ceiba aesculifolia","M_PL_065"
"Ceiba glaziovii","M_PL_067"
"Celmisia longifolia","M_PL_019"
"Centaurea nigra","M_PL_006; M_PL_007; M_PL_017"
"Centropogon cornutus","M_PL_063; M_PL_074_04; M_PL_074_07; M_PL_074_08; M_PL_074_13; M_PL_074_16; M_PL_074_18"
"Centropogon curvatus","M_PL_074_03"
"Centropogon ferrugineus","M_PL_074_03"
"Centropogon grandidentatus","M_PL_074_15"
"Centropogon isahellinus","M_PL_074_12"
"Centropogon latisepalus","M_PL_074_16"
"Centropogon preslii","M_PL_074_02"
"Centropogon solanifolius","M_PL_074_02; M_PL_074_05"
"Cephalanthus occidentalis","M_PL_073"
"Cerastium alpinum","M_PL_024; M_PL_045"
"Cerbera manghas","M_PL_044"
"Cercis siliquastrum","M_PL_054"
"Cestrum aurantiacum","M_PL_074_15"
"Chamaedaphne calyculata","M_PL_033"
"Chamaenerion angustifolium","M_PL_056"
"Chamerion angustifolium","M_PL_017"
"Chassalia coriacea","M_PL_060_03; M_PL_060_04; M_PL_060_05; M_PL_060_15; M_PL_060_16; M_PL_060_17"
"Chassalia petrinensis","M_PL_060_05"
"Chelidonium majus","M_PL_055; M_PL_057"
"Chelonanthus alatus","M_PL_074_04"
"Chimaphila umbellata","M_PL_004"
"Chronopappus bifrons","M_PL_074_17"
"Chrysobalanus icaco","M_PL_061_23; M_PL_061_30; M_PL_061_31; M_PL_061_35; M_PL_061_37; M_PL_061_38; M_PL_061_39; M_PL_061_40; M_PL_061_43; M_PL_061_44; M_PL_061_46; M_PL_061_47; M_PL_061_48"
"Cimicifuga simplex","M_PL_056"
"Cinnamomum camphora","M_PL_054"
"Cinnamomum doederleinii","M_PL_044"
"Cinnamomum verum","M_PL_061_03; M_PL_061_09; M_PL_061_11; M_PL_061_17; M_PL_061_19; M_PL_061_25; M_PL_061_26; M_PL_061_27; M_PL_061_35; M_PL_061_39; M_PL_061_43"
"Cipocereus minensis","M_PL_074_09; M_PL_074_17"
"Cirsium arvense","M_PL_006; M_PL_007"
"Cirsium brevicaule","M_PL_044"
"Cirsium effusum","M_PL_056"
"Cirsium japonicum","M_PL_055"
"Cirsium microspicatum","M_PL_057"
"Cirsium nipponica","M_PL_054"
"Cirsium palustre","M_PL_007"
"Cirsium sieboldii","M_PL_055"
"Cissus simsiana","M_PL_067"
"Cissus verticillata","M_PL_067"
"Cistus albidus","M_PL_058"
"Cistus monspeliensis","M_PL_058"
"Cistus salvifolius","M_PL_058"
"Citharexylum myrianthum","M_PL_074_10"
"Citrus tachibana","M_PL_054"
"Cladrastis sikokiana","M_PL_054"
"Claoxylon linostachys","M_PL_060_01; M_PL_060_02; M_PL_060_03; M_PL_060_04; M_PL_060_05; M_PL_060_16"
"Clathrotropis brachypetala","M_PL_074_04"
"Claytonia virginica","M_PL_025"
"Clematis apiifolia","M_PL_057"
"Clematis grata","M_PL_044"
"Clematis terniflora","M_PL_044"
"Clematis vitalba","M_PL_017"
"Clerodendrum trichotomum","M_PL_044; M_PL_054"
"Clethra barbinervis","M_PL_057"
"Clethra mexicana","M_PL_074_14"
"Clinopodium chinense grandiflorum","M_PL_056"
"Clintonia borealis","M_PL_004"
"Cnidoscolus halteris","M_PL_067"
"Cnidoscolus obtusifolius","M_PL_067"
"Codonopsis lanceolata","M_PL_057"
"Coffea macrocarpa","M_PL_060_05; M_PL_060_06; M_PL_060_18"
"Coffea mauritiana","M_PL_060_04; M_PL_060_05; M_PL_060_06; M_PL_060_18"
"Colea seychellarum","M_PL_061_16"
"Columnea ciliata","M_PL_074_01; M_PL_074_02; M_PL_074_05"
"Columnea dimidiata","M_PL_074_03; M_PL_074_16"
"Columnea ericae","M_PL_071"
"Columnea mastersonii","M_PL_074_02; M_PL_074_05"
"Columnea medicinalis","M_PL_074_01; M_PL_074_02"
"Columnea picta","M_PL_074_02; M_PL_074_05"
"Columnea strigosa","M_PL_074_01; M_PL_074_02; M_PL_074_03; M_PL_074_05"
"Combretum farinosum","M_PL_065"
"Combretum llewelynii","M_PL_074_06"
"Commelina communis","M_PL_055"
"Commelina erecta","M_PL_073"
"Conium maculatum","M_PL_073"
"Conocliniopsis prasiifolia","M_PL_067"
"Convolvulus althaeoides","M_PL_058"
"Convolvulus arvensis","M_PL_017"
"Cordemoya integrifolia","M_PL_060_05; M_PL_060_06; M_PL_060_07; M_PL_060_08; M_PL_060_11; M_PL_060_17; M_PL_060_22; M_PL_060_23"
"Cordia bicolor","M_PL_074_04"
"Cordia curassavica","M_PL_074_04"
"Cordia multispicata","M_PL_074_08"
"Cordia seleriana","M_PL_065"
"Coreopsis basalis","M_PL_054"
"Cornus canadensis","M_PL_004"
"Corydalis incisa","M_PL_057"
"Corydalis pallida","M_PL_057"
"Corymborkis flava","M_PL_064"
"Costus scaber","M_PL_071; M_PL_074_06"
"Costus spiralis","M_PL_074_04; M_PL_074_06; M_PL_074_07; M_PL_074_08; M_PL_074_10"
"Couepia schottii","M_PL_074_08"
"Craterispermum microdon","M_PL_061_17; M_PL_061_18; M_PL_061_20; M_PL_061_21; M_PL_061_24"
"Crepidiastrum lanceolatum","M_PL_044"
"Crepis capillaris","M_PL_017"
"Croomia japonica","M_PL_044"
"Croton blanchetianus","M_PL_067"
"Croton fothergillifolius","M_PL_060_01; M_PL_060_02; M_PL_060_03; M_PL_060_04; M_PL_060_05; M_PL_060_13; M_PL_060_14; M_PL_060_15; M_PL_060_16; M_PL_060_17; M_PL_060_22"
"Croton grangeroides","M_PL_060_22; M_PL_060_23; M_PL_060_24"
"Cryptotaenia japonica","M_PL_057"
"Cuphea diosmifolia","M_PL_074_09"
"Cuphea disperma","M_PL_074_09"
"Cuphea ericoides","M_PL_074_09; M_PL_074_17"
"Cuphea melvilla","M_PL_074_06; M_PL_074_11"
"Cuphea nitidula","M_PL_074_14"
"Cuspidaria inaequalis","M_PL_074_04"
"Cynanchum ascyrifolium","M_PL_056"
"Cynanchum diemii","M_PL_051"
"Cypripedium acaule","M_PL_004"
"Cypripedium guttatum","M_PL_056"
"Dahlstedtia pinnata","M_PL_074_07; M_PL_074_10; M_PL_074_13; M_PL_074_18"
"Daucus carota","M_PL_017; M_PL_058"
"Decagonocarpus cornutus","M_PL_071"
"Deckenia nobilis","M_PL_061_05; M_PL_061_06; M_PL_061_07; M_PL_061_29; M_PL_061_30; M_PL_061_31"
"Declieuxia fruticosa","M_PL_074_09"
"Dendropanax trifidus","M_PL_044"
"Desfontainia spinosa","M_PL_068; M_PL_074_12"
"Desmodium podocarpum","M_PL_057"
"Deutzia crenata","M_PL_054; M_PL_057"
"Deutzia gracilis","M_PL_054"
"Deutzia maximowicziana","M_PL_054; M_PL_057"
"Deutzia naseana","M_PL_044"
"Deutzia scabra","M_PL_054"
"Dianthus caryophillus","M_PL_058"
"Dianthus superbus longicalycinus","M_PL_056"
"Dicella bracteosa","M_PL_059"
"Digitalis purpurea","M_PL_051"
"Digitaria ciliaris","M_PL_057"
"Dillenia ferruginea","M_PL_061_06; M_PL_061_09; M_PL_061_10; M_PL_061_12; M_PL_061_13; M_PL_061_15; M_PL_061_17; M_PL_061_18; M_PL_061_19; M_PL_061_21; M_PL_061_22; M_PL_061_23; M_PL_061_24; M_PL_061_36; M_PL_061_37; M_PL_061_38; M_PL_061_39; M_PL_061_40; M_PL_061_45; M_PL_061_46; M_PL_061_48"
"Dillenia suffruticosa","M_PL_061_44; M_PL_061_45; M_PL_061_46"
"Dioclea grandiflora","M_PL_067"
"Diospyros revaughanii","M_PL_060_08; M_PL_060_09; M_PL_060_10; M_PL_060_11; M_PL_060_12; M_PL_060_24"
"Diospyros seychellarum","M_PL_061_05; M_PL_061_06; M_PL_061_24"
"Diospyrus japonica","M_PL_044"
"Diplopterys pubipetala","M_PL_059"
"Dipsacus japonicus","M_PL_057"
"Disterigma codonanthum","M_PL_068"
"Dodonaea viscosa","M_PL_060_02; M_PL_060_03; M_PL_060_13; M_PL_060_14; M_PL_060_15"
"Dolichandra unguis-cati","M_PL_074_04"
"Dombeya wallichii","M_PL_074_08"
"Doratoxylon apetalum","M_PL_060_05; M_PL_060_14"
"Dorychnium pentaphylum","M_PL_058"
"Dracaena reflexa","M_PL_060_04; M_PL_060_05; M_PL_060_16; M_PL_061_37"
"Dryas integrifolia","M_PL_024; M_PL_045"
"Drymonia brochidodroma","M_PL_074_02"
"Drymonia collegarum","M_PL_074_02"
"Drymonia semicordata","M_PL_071"
"Drymonia tenuis","M_PL_074_02; M_PL_074_05"
"Drymonia teuscheri","M_PL_074_02; M_PL_074_05"
"Duchesnea chrysantha","M_PL_057"
"Dunalia brachyacantha","M_PL_074_12"
"Dyssochroma viridiflora","M_PL_074_10"
"Edgeworthia chrysantha","M_PL_054"
"Edmundoa lindenii","M_PL_063"
"Elaeagnus montana","M_PL_056"
"Elaeagnus multiflora","M_PL_054"
"Elaeocarpus japonicus","M_PL_044"
"Elaeocarpus sylvestris","M_PL_044"
"Elleanthus aurantiacus","M_PL_074_03; M_PL_074_16"
"Elleanthus brasiliensis","M_PL_074_10"
"Embelia angustifolia","M_PL_060_09; M_PL_060_10; M_PL_060_24"
"Encholirium spectabile","M_PL_067"
"Encholirium subsecundum","M_PL_074_09; M_PL_074_17"
"Enkianthus campanulatus","M_PL_056"
"Enkianthus perulatus","M_PL_054"
"Epacris microphylla","M_PL_019"
"Epacris petrophila","M_PL_019"
"Epidendrum radicans","M_PL_074_15"
"Epilobium gunnianum","M_PL_019"
"Epilobium latifolium","M_PL_045"
"Equium sabulicola","M_PL_058"
"Eremanthus bicolor","M_PL_074_09"
"Eremanthus crotonoides","M_PL_074_17"
"Eremanthus erythropappus","M_PL_074_17"
"Eriobotrya japonica","M_PL_057"
"Eriotheca pentaphylla","M_PL_074_08; M_PL_074_13"
"Eryngium campestre","M_PL_058"
"Erysimum cheiranthoides","M_PL_073"
"Erythrina corallodendron","M_PL_074_04"
"Erythrina fusca","M_PL_074_04; M_PL_074_06"
"Erythrina lanata","M_PL_065"
"Erythrina megistophylla","M_PL_074_02; M_PL_074_05"
"Erythrina poeppigiana","M_PL_074_04"
"Erythrina rubrinervia","M_PL_074_16"
"Erythrina speciosa","M_PL_063; M_PL_074_07; M_PL_074_08; M_PL_074_13"
"Erythronium umbilicatum","M_PL_025"
"Erythrospermum monticolum","M_PL_060_05; M_PL_060_06; M_PL_060_07"
"Erythroxylum macrocarpum","M_PL_060_01; M_PL_060_02; M_PL_060_03; M_PL_060_04; M_PL_060_05; M_PL_060_13; M_PL_060_14; M_PL_060_15; M_PL_060_16; M_PL_060_17; M_PL_060_23"
"Erythroxylum sechellarum","M_PL_061_02; M_PL_061_03; M_PL_061_04; M_PL_061_05; M_PL_061_06; M_PL_061_08; M_PL_061_09; M_PL_061_10; M_PL_061_11; M_PL_061_13; M_PL_061_14; M_PL_061_16; M_PL_061_17; M_PL_061_18; M_PL_061_19; M_PL_061_20; M_PL_061_21; M_PL_061_22; M_PL_061_24; M_PL_061_26; M_PL_061_27; M_PL_061_29; M_PL_061_32; M_PL_061_35; M_PL_061_36; M_PL_061_37; M_PL_061_38; M_PL_061_40; M_PL_061_44; M_PL_061_45; M_PL_061_46; M_PL_061_47; M_PL_061_48"
"Erythroxylum vaccinifolium","M_PL_074_17"
"Esterhazya nanuzae","M_PL_074_09"
"Esterhazya splendida","M_PL_074_17"
"Eucalyptus globulus","M_PL_074_16"
"Eugenia orbiculata","M_PL_060_07; M_PL_060_19"
"Euodia chapelieri","M_PL_060_05; M_PL_060_06; M_PL_060_07; M_PL_060_08; M_PL_060_09; M_PL_060_19; M_PL_060_21; M_PL_060_22"
"Euodia meliifolia","M_PL_044"
"Euodia obtusifolia","M_PL_060_07; M_PL_060_08; M_PL_060_10; M_PL_060_11; M_PL_060_19; M_PL_060_20"
"Euonymus alatus","M_PL_057"
"Euonymus fo rtunei","M_PL_054"
"Euonymus macropterus","M_PL_056"
"Euonymus sieboldianus","M_PL_056"
"Eupatorium cannabinum","M_PL_017"
"Eupatorium chinense","M_PL_055; M_PL_056; M_PL_057"
"Eupatorium coelestinum","M_PL_073"
"Eupatorium lindleyanum","M_PL_055"
"Eupatorium purpureum","M_PL_073"
"Euphorbia pyrifolia","M_PL_061_30"
"Euphorbia segatalis","M_PL_058"
"Euphrasia collina","M_PL_019"
"Euphrasia maximowiczii","M_PL_056"
"Euphrasia officinalis","M_PL_017"
"Euptelea polyandra","M_PL_057"
"Euscaphis japonica","M_PL_044"
"Eusteratis yatabeana","M_PL_055"
"Excoecaria benthiamiana","M_PL_061_15; M_PL_061_23; M_PL_061_24; M_PL_061_45; M_PL_061_46"
"Farfugium joponicum","M_PL_044"
"Fatsia japonica","M_PL_054"
"Faujasiopsis flexuosa","M_PL_060_05; M_PL_060_06; M_PL_060_16; M_PL_060_17; M_PL_060_18"
"Ferdinandusa sprucei","M_PL_071"
"Filipendula multifuga","M_PL_056"
"Filipendula ulmaria","M_PL_007"
"Flagellaria indica","M_PL_060_04; M_PL_060_05; M_PL_060_07; M_PL_060_16"
"Fragaria nipponica","M_PL_056"
"Fraxinus griffithii","M_PL_054"
"Fridericia craterophora","M_PL_074_11"
"Fridericia speciosa","M_PL_064"
"Fuchsia corollata","M_PL_068"
"Fuchsia decussata","M_PL_074_12"
"Fuchsia macrostigma","M_PL_074_01; M_PL_074_02"
"Fuchsia paniculata","M_PL_074_14; M_PL_074_15"
"Fuchsia regia","M_PL_063; M_PL_069_01; M_PL_074_10"
"Fuchsia venusta","M_PL_074_03"
"Gaertnera petrinensis","M_PL_060_07; M_PL_060_08"
"Gaertnera rotundifolia","M_PL_060_06; M_PL_060_07; M_PL_060_08; M_PL_060_18"
"Gaiadendron punctatum","M_PL_068; M_PL_074_12"
"Galactites tomentosa","M_PL_058"
"Galium trifidum","M_PL_055"
"Galium verum","M_PL_007"
"Gasteranthus calcaratus","M_PL_074_03"
"Gasteranthus lateralis","M_PL_074_02"
"Gasteranthus pansamalanus","M_PL_074_02"
"Gasteranthus quitensis","M_PL_074_02; M_PL_074_05"
"Gastonia crassa","M_PL_061_19; M_PL_061_20; M_PL_061_23; M_PL_061_45; M_PL_061_47; M_PL_061_48"
"Gaultheria acuminata","M_PL_074_15"
"Gaultheria bracteata","M_PL_074_12"
"Gaultheria erecta","M_PL_068"
"Gaultheria insipida","M_PL_068"
"Gavilea odoratissima","M_PL_051"
"Gaylussacia baccata","M_PL_033"
"Gaylussacia brasiliensis","M_PL_074_09; M_PL_074_17"
"Gaylussacia montana","M_PL_074_17"
"Gaylussacia oleifolia","M_PL_074_17"
"Gaylussacia virgata","M_PL_074_09"
"Geissomeria schottiana","M_PL_064"
"Geniostoma borbonicum","M_PL_060_01; M_PL_060_02"
"Genipa americana","M_PL_074_06"
"Gentianella diemensis","M_PL_019"
"Gentianella fruticulosa","M_PL_074_12"
"Gentianella violacea","M_PL_074_12"
"Geranium eriostemon","M_PL_056"
"Geranium nepalense","M_PL_057"
"Geum japonicum","M_PL_057"
"Geum rossii","M_PL_024"
"Glechoma hederacea","M_PL_057"
"Glionnetia sericea","M_PL_061_18"
"Glochidion acuminatum","M_PL_044"
"Glochidion obovatum","M_PL_044"
"Glochidion zeylanicum","M_PL_044"
"Glossoloma baguense","M_PL_074_03"
"Glossoloma bolivianum","M_PL_074_01"
"Glossoloma ichthyoderma","M_PL_074_03"
"Glossoloma oblongicalyx","M_PL_074_02"
"Glossoloma purpureum","M_PL_074_05"
"Glossoloma schultzei","M_PL_074_03"
"Gonzalagunia hirsuta","M_PL_074_04"
"Gordonia fruticosa","M_PL_074_17"
"Grangeria borbonica","M_PL_060_05; M_PL_060_06; M_PL_060_07; M_PL_060_18; M_PL_060_19; M_PL_060_22"
"Greigia macbrideana","M_PL_074_12"
"Groton suberosus","M_PL_065"
"Gurania lobata","M_PL_074_04; M_PL_074_06"
"Gurania rhizantha","M_PL_074_06"
"Gurania rufipila","M_PL_071"
"Guzmania amplectens","M_PL_074_02; M_PL_074_05"
"Guzmania bakeri","M_PL_068"
"Guzmania candelabrum","M_PL_068"
"Guzmania danielii","M_PL_074_01"
"Guzmania fuscispica","M_PL_074_05"
"Guzmania gloriosa","M_PL_074_03"
"Guzmania jaramilloi","M_PL_074_01; M_PL_074_02; M_PL_074_05"
"Guzmania lehmanniana","M_PL_074_02"
"Guzmania monostachia","M_PL_074_04"
"Guzmania multiflora","M_PL_074_03"
"Guzmania squarrosa","M_PL_074_02"
"Guzmania teuscheri","M_PL_074_01"
"Gymnadenia conopsea","M_PL_056"
"Hamelia patens","M_PL_074_04; M_PL_074_16"
"Hamelia versicolor","M_PL_065"
"Harungana madagascariensis","M_PL_060_18"
"Hedychium coronarium","M_PL_069_01; M_PL_074_08; M_PL_074_10; M_PL_074_18"
"Helianthemum guttatum","M_PL_058"
"Helianthus decapetalus","M_PL_073"
"Helichrysum alpinum","M_PL_019"
"Helichrysum proteoides","M_PL_060_06; M_PL_060_07; M_PL_060_18; M_PL_060_19"
"Helichrysum scorpioides","M_PL_019"
"Helichrysum stoechas","M_PL_058"
"Heliconia adflexa","M_PL_074_14; M_PL_074_15"
"Heliconia angusta","M_PL_074_07; M_PL_074_08; M_PL_074_13"
"Heliconia bihai","M_PL_074_04"
"Heliconia burleana","M_PL_074_01; M_PL_074_02; M_PL_074_03; M_PL_074_05"
"Heliconia collinsiana","M_PL_074_14"
"Heliconia farinosa","M_PL_069_01; M_PL_074_07; M_PL_074_18"
"Heliconia griggsiana","M_PL_074_03; M_PL_074_05; M_PL_074_16"
"Heliconia hirsuta","M_PL_074_04"
"Heliconia impudica","M_PL_074_02; M_PL_074_05"
"Heliconia juruana","M_PL_074_06"
"Heliconia latispatha","M_PL_074_16"
"Heliconia psittacorum","M_PL_074_04; M_PL_074_11"
"Heliconia schumanniana","M_PL_074_06"
"Heliconia simulans","M_PL_064"
"Heliconia spathocircinata","M_PL_074_07; M_PL_074_08; M_PL_074_18"
"Heliconia stricta","M_PL_074_06"
"Heliconia tarumaensis","M_PL_071"
"Heliconia venusta","M_PL_074_03; M_PL_074_16"
"Heliconia virginalis","M_PL_074_05"
"Helicteres brevispira","M_PL_074_11"
"Helipterum albicans","M_PL_019"
"Hepatica americana","M_PL_025"
"Heritiera littoralis","M_PL_044"
"Hibiscus hamabo","M_PL_044"
"Hibiscus laevis","M_PL_073"
"Hibiscus maleinoi","M_PL_044"
"Hibiscus rosa-sinensis","M_PL_074_01; M_PL_074_08"
"Hibiscus syriacus","M_PL_054"
"Hibiscus tiliaceus","M_PL_044"
"Hibiscus uncinellus","M_PL_074_15"
"Hillia illustris","M_PL_074_10"
"Hippeastrum aulicum","M_PL_069_01"
"Hippeastrum cipoanum","M_PL_074_17"
"Hololepis pedunculata","M_PL_074_17"
"Homalanthus populifolius","M_PL_060_14; M_PL_060_15; M_PL_060_16; M_PL_060_17; M_PL_060_18; M_PL_060_19"
"Hosta albomarginata","M_PL_055"
"Hosta sieboldiana","M_PL_056"
"Houttuynia cordata","M_PL_055; M_PL_057"
"Hydrangea hirta","M_PL_057"
"Hydrangea macrophylla","M_PL_054; M_PL_057"
"Hydrangea paniculata","M_PL_056; M_PL_057"
"Hydrocharis dubia","M_PL_055"
"Hypericum erectum","M_PL_055"
"Hypericum patulum","M_PL_054"
"Hypericum perfolatum","M_PL_058"
"Hypericum prolificum","M_PL_073"
"Hypericum pseudopetiolatum","M_PL_057"
"Hypochoeris radicata","M_PL_006; M_PL_007; M_PL_017; M_PL_019"
"Hyptis asperrima","M_PL_064"
"Hyptis passerina","M_PL_074_09"
"Hyptis pectinata","M_PL_067"
"Idesia polycarpa","M_PL_054"
"Ilex integra","M_PL_044"
"Ilex serrata","M_PL_054"
"Impatiens noli-tangere","M_PL_057"
"Impatiens textori","M_PL_057"
"Impatiens walleriana","M_PL_074_13; M_PL_074_18"
"Indigofera tinctoria","M_PL_054"
"Inga densiflora","M_PL_074_14"
"Inga edulis","M_PL_074_08; M_PL_074_10"
"Inga ingoides","M_PL_074_04; M_PL_074_16"
"Inga leiocalycina","M_PL_074_06"
"Inga luschnathiana","M_PL_074_08"
"Inga semialata","M_PL_074_18"
"Inga sessilis","M_PL_063"
"Inga subnuda","M_PL_074_13"
"Inga uruguensis","M_PL_074_11"
"Inga venosa","M_PL_074_04"
"Iochroma gesnerioides","M_PL_074_03"
"Ipomoea bracteata","M_PL_065"
"Ipomoea cholulensis","M_PL_074_14"
"Ipomoea indica","M_PL_044"
"Ipomoea quamoclit","M_PL_065"
"Ipomoea tricolor","M_PL_074_14"
"Ipomoea wolcottiana","M_PL_065"
"Iris pseudacorus","M_PL_054"
"Iris sanguinea","M_PL_056"
"Iris taevigata","M_PL_055"
"Isachne globosa","M_PL_055"
"Ischnosiphon arouma","M_PL_074_04"
"Ischnosiphon lasiocoleus","M_PL_071"
"Isertia hypoleuca","M_PL_071"
"Isertia parviflora","M_PL_074_04"
"Isertia rosea","M_PL_071"
"Itea parviflora","M_PL_054"
"Ixeris debilis","M_PL_054; M_PL_055"
"Ixeris dentata","M_PL_054; M_PL_055; M_PL_056; M_PL_057"
"Jacaranda caroba","M_PL_074_11"
"Jacaranda puberula","M_PL_074_08"
"Jacquemontia sphaerostigma","M_PL_074_08"
"Janusia anisandra","M_PL_059"
"Jatropha mollissima","M_PL_067"
"Justicia brasiliana","M_PL_069_01"
"Justicia carnea","M_PL_069_01; M_PL_074_07; M_PL_074_10"
"Justicia cuatrecasii","M_PL_071"
"Justicia mexicana","M_PL_065"
"Justicia procumbens","M_PL_054; M_PL_055"
"Justicia scheidweileri","M_PL_064"
"Justicia secunda","M_PL_074_05"
"Kalimeris pinnatifida","M_PL_055; M_PL_057"
"Kalimeris yomena","M_PL_055; M_PL_057"
"Kalmia angustifolia","M_PL_033"
"Kalmia polifolia","M_PL_033"
"Kandetia candel","M_PL_044"
"Kerria japonica","M_PL_054; M_PL_057"
"Knautia arvensis","M_PL_017"
"Kohleria affinis","M_PL_074_02; M_PL_074_03; M_PL_074_16"
"Kohleria inaequalis","M_PL_074_03; M_PL_074_16"
"Kohleria spicata","M_PL_074_01; M_PL_074_03"
"Kohleria trianae","M_PL_074_03"
"Kohleria villosa","M_PL_074_02"
"Kohleria warszewiczii","M_PL_074_03"
"Kunzea muelleri","M_PL_019"
"Labourdonnaisia callophylloides","M_PL_060_07; M_PL_060_08; M_PL_060_09; M_PL_060_10; M_PL_060_11; M_PL_060_19; M_PL_060_20; M_PL_060_22; M_PL_060_23"
"Lactuca indica","M_PL_055"
"Lagerstroemia subcostata","M_PL_044"
"Lantana camara","M_PL_063; M_PL_064; M_PL_074_04; M_PL_074_11; M_PL_074_18"
"Lantana nivea","M_PL_074_08"
"Lapsana communis","M_PL_073"
"Lathyrus clymenum","M_PL_058"
"Lathyrus pratensis","M_PL_006; M_PL_007; M_PL_017"
"Lavandula stoechas","M_PL_058"
"Ledum groenlandicum","M_PL_033"
"Ledum palustre","M_PL_045"
"Leesia japonica","M_PL_055"
"Leontodon autumnalis","M_PL_017"
"Leontodon hispidus","M_PL_017"
"Leontodon saxatilis","M_PL_017"
"Lepidaploa lilacina","M_PL_074_09"
"Lepidaploa rufogrisea","M_PL_074_09"
"Leptorhynchos squamatus","M_PL_019"
"Lespedeza bicolor","M_PL_055"
"Lespedeza thunbergii","M_PL_054"
"Lessingianthus roseus","M_PL_074_17"
"Leucanthemum vulgare","M_PL_006; M_PL_007"
"Leucopogon montanus","M_PL_019"
"Leucosceptrum stellipilum","M_PL_057"
"Libanotis coreana","M_PL_056"
"Ligularia dentata","M_PL_056"
"Ligularia fischerii","M_PL_057"
"Ligustrum japonicum","M_PL_044; M_PL_054"
"Ligustrum obtusifolium","M_PL_054; M_PL_057"
"Limophila sessiliflora","M_PL_055"
"Lindera obtusiloba","M_PL_057"
"Lindera umbellata","M_PL_057"
"Lindernia dubia","M_PL_073"
"Lindernia procumbens","M_PL_055"
"Linnaea borealis","M_PL_004"
"Linum catharticum","M_PL_017"
"Liriope platyphylla","M_PL_054"
"Litsea citriodora","M_PL_044"
"Litsea japonica","M_PL_044"
"Lobelia fistulosa","M_PL_074_17"
"Lobelia laxiflora","M_PL_074_15"
"Lonicera alpigena","M_PL_056"
"Lonicera gracilipes","M_PL_057"
"Lonicera morrowii","M_PL_054"
"Lotus corniculatus","M_PL_006; M_PL_007; M_PL_017"
"Ludwigia epilobioides","M_PL_055"
"Luehea grandiflora","M_PL_074_11"
"Lundia cordata","M_PL_074_08"
"Lychnis flos-cuculi","M_PL_006"
"Lychnis gracillima","M_PL_056"
"Lychnophora pohlii","M_PL_074_09"
"Lychnophora tomentosa","M_PL_074_09"
"Lycopus ramosissimus","M_PL_055"
"Lycopus rubellus","M_PL_073"
"Lyonia ovalifolia","M_PL_054"
"Lysimachia fortunei","M_PL_055"
"Lysimachia mauiriana","M_PL_044"
"Lysimachia nummularia","M_PL_073"
"Lythrum anceps","M_PL_054; M_PL_055"
"Maackia tashiroi","M_PL_044"
"Mabea fistulifera","M_PL_074_11"
"Machitus thunbergii","M_PL_044"
"Macleania bullata","M_PL_074_02"
"Macleania pentaptera","M_PL_074_01"
"Macleania recumbens","M_PL_074_01"
"Macleania rupestris","M_PL_068"
"Macleania stricta","M_PL_074_02"
"Macleaya cordata","M_PL_057"
"Macrocarpaea macrophylla","M_PL_074_03"
"Macrocarpaea rubra","M_PL_063"
"Maesa tenera","M_PL_044"
"Mahonia japonica","M_PL_054"
"Maianthemum canadense","M_PL_004"
"Mallotus japonicus","M_PL_044"
"Malus halliana","M_PL_054"
"Malus sieboldii","M_PL_056"
"Malvaviscus arboreus","M_PL_074_01; M_PL_074_14; M_PL_074_15"
"Mandevilla hirsuta","M_PL_074_04"
"Mandevilla pycnantha","M_PL_074_09"
"Manettia cordifolia","M_PL_063; M_PL_074_11"
"Manettia gracilis","M_PL_074_07"
"Maranta furcata","M_PL_074_08"
"Marcgravia myriostigma","M_PL_074_08"
"Markea coccinea","M_PL_071"
"Medicago lupulina","M_PL_017"
"Medusagyne oppositifolia","M_PL_061_02; M_PL_061_05; M_PL_061_07"
"Meehania urticifolia","M_PL_056; M_PL_057"
"Melastoma candidum","M_PL_044"
"Meliosma oldhamii","M_PL_044"
"Meliosma rigida","M_PL_044"
"Meliosma tenuis","M_PL_057"
"Melocactus zehntneri","M_PL_067"
"Melochia tomentosa","M_PL_067"
"Memecylon eleagni","M_PL_061_01; M_PL_061_02; M_PL_061_03; M_PL_061_04; M_PL_061_05; M_PL_061_06; M_PL_061_08; M_PL_061_09; M_PL_061_10; M_PL_061_12; M_PL_061_14; M_PL_061_16; M_PL_061_17; M_PL_061_18; M_PL_061_19; M_PL_061_20; M_PL_061_21; M_PL_061_22; M_PL_061_23; M_PL_061_24; M_PL_061_25; M_PL_061_26; M_PL_061_27; M_PL_061_28; M_PL_061_29; M_PL_061_30; M_PL_061_35; M_PL_061_36; M_PL_061_38; M_PL_061_43; M_PL_061_44; M_PL_061_45; M_PL_061_46; M_PL_061_48"
"Memecylon ovatifolium","M_PL_060_09; M_PL_060_10"
"Mendoncia coccinea","M_PL_074_07; M_PL_074_10; M_PL_074_18"
"Mendoncia velloziana","M_PL_063; M_PL_064"
"Menziesia pentandra","M_PL_056"
"Meriania radula","M_PL_074_12"
"Meriania tomentosa","M_PL_074_02; M_PL_074_03"
"Metothria tiukiuensis","M_PL_044"
"Mezobromelia capituligera","M_PL_074_02; M_PL_074_03"
"Miconia alpina","M_PL_074_12"
"Microseris lanceolata","M_PL_019"
"Mikania websteri","M_PL_074_02"
"Mimosa aurivillus","M_PL_074_09"
"Mimusops erythroxylon","M_PL_060_05; M_PL_060_06; M_PL_060_07"
"Mimusops sechellarum","M_PL_061_01; M_PL_061_02; M_PL_061_05; M_PL_061_18; M_PL_061_21; M_PL_061_37; M_PL_061_43"
"Minasia scapigera","M_PL_074_09"
"Miraglossum pilosum","M_PL_013"
"Miraglossum verticillare","M_PL_013"
"Molinaea alternifolia","M_PL_060_01; M_PL_060_02; M_PL_060_03; M_PL_060_04; M_PL_060_05; M_PL_060_15; M_PL_060_16; M_PL_060_17"
"Molinaea macrantha","M_PL_060_23; M_PL_060_24"
"Monimiastrum globosum","M_PL_060_05; M_PL_060_06; M_PL_060_07"
"Monnina salicifolia","M_PL_074_12"
"Monochoria korsakowii","M_PL_055"
"Monochoria vaginalis","M_PL_055"
"Monotagma secundum","M_PL_071"
"Morinda umbellata","M_PL_044"
"Mosla dianthera","M_PL_044; M_PL_055"
"Moussonia deppeana","M_PL_074_14; M_PL_074_15"
"Murdannia keisak","M_PL_055"
"Musa balbisiana","M_PL_044"
"Musa ornata","M_PL_074_10; M_PL_074_18"
"Musa velutina","M_PL_074_16"
"Musaenda parviflora","M_PL_044"
"Mutisia decurrens","M_PL_051"
"Mutisia speciosa","M_PL_063; M_PL_064; M_PL_074_08; M_PL_074_13"
"Myonima violacea","M_PL_060_16; M_PL_060_17; M_PL_060_18"
"Myrcia lasiantha","M_PL_074_17"
"Myrsine segttinii","M_PL_044"
"Nandina domestica","M_PL_054"
"Nematanthus australis","M_PL_069_01"
"Nematanthus fissus","M_PL_074_07; M_PL_074_13"
"Nematanthus fluminensis","M_PL_063; M_PL_074_07; M_PL_074_08; M_PL_074_13"
"Nematanthus fritschii","M_PL_063; M_PL_074_07"
"Nematanthus gregarius","M_PL_063; M_PL_074_10"
"Nematanthus sericeus","M_PL_063"
"Nematanthus striatus","M_PL_074_10"
"Nematanthus strigillosus","M_PL_074_17"
"Nemopanthus mucronata","M_PL_033"
"Neopaxia australasica","M_PL_019"
"Neoregelia bahiana","M_PL_074_17"
"Neoregelia johannis","M_PL_074_07; M_PL_074_18"
"Nepenthes pervillei","M_PL_061_35; M_PL_061_36; M_PL_061_39; M_PL_061_43; M_PL_061_44; M_PL_061_46; M_PL_061_48"
"Nephrosperma vanhoutteanum","M_PL_061_01; M_PL_061_02; M_PL_061_03; M_PL_061_04; M_PL_061_05; M_PL_061_06; M_PL_061_07; M_PL_061_08; M_PL_061_10; M_PL_061_12; M_PL_061_13; M_PL_061_14; M_PL_061_15; M_PL_061_16; M_PL_061_19; M_PL_061_20; M_PL_061_21; M_PL_061_22; M_PL_061_23; M_PL_061_24; M_PL_061_28; M_PL_061_29; M_PL_061_30; M_PL_061_31; M_PL_061_32; M_PL_061_35; M_PL_061_36; M_PL_061_37; M_PL_061_38; M_PL_061_39; M_PL_061_40; M_PL_061_43; M_PL_061_44; M_PL_061_45; M_PL_061_46; M_PL_061_47; M_PL_061_48"
"Nidularium angustifolium","M_PL_074_13"
"Nidularium billbergioides","M_PL_074_10"
"Nidularium innocentii","M_PL_063; M_PL_069_01; M_PL_074_07; M_PL_074_08; M_PL_074_13"
"Nidularium krisgreeniae","M_PL_074_10"
"Nidularium longiflorum","M_PL_063"
"Nidularium procerum","M_PL_063; M_PL_074_07; M_PL_074_08"
"Nidularium rutilans","M_PL_063"
"Nidularium seidelii","M_PL_074_07; M_PL_074_08; M_PL_074_13"
"Nopalea karwinskiana","M_PL_065"
"Norantea guianensis","M_PL_074_04"
"Northea hornei","M_PL_061_13; M_PL_061_16; M_PL_061_24; M_PL_061_37; M_PL_061_38; M_PL_061_40"
"Nymphaea marliacea","M_PL_055"
"Ochna kirkii","M_PL_061_25; M_PL_061_26; M_PL_061_27; M_PL_061_28; M_PL_061_29"
"Ochna mauritiana","M_PL_060_05; M_PL_060_06; M_PL_060_08; M_PL_060_17; M_PL_060_18; M_PL_060_22"
"Ocotea laevigata","M_PL_060_06; M_PL_060_07; M_PL_060_11"
"Oenanthe javanica","M_PL_055"
"Olea lancea","M_PL_060_06; M_PL_060_07; M_PL_060_09; M_PL_060_16; M_PL_060_17; M_PL_060_18; M_PL_060_19; M_PL_060_20"
"Olearia phlogopappa","M_PL_019"
"Omphalodes japonica","M_PL_057"
"Opuntia excelsa","M_PL_065"
"Opuntia stricta","M_PL_058"
"Orchis morio","M_PL_007"
"Orites lancifolia","M_PL_019"
"Orixa japonica","M_PL_057"
"Ormocaipum cochinchinense","M_PL_044"
"Osterium sieboldii","M_PL_057"
"Oxalis acetosella","M_PL_056"
"Oxalis corniculata","M_PL_054; M_PL_055"
"Oxalis corymbosa","M_PL_054"
"Oxalis montana","M_PL_004"
"Oxalis psoraleoides","M_PL_067"
"Oxalis stricta","M_PL_073"
"Oxylobium ellipticum","M_PL_019"
"Pachycarpus natalensis","M_PL_013"
"Pachystachys coccinea","M_PL_074_04"
"Paederia scandens","M_PL_054; M_PL_057"
"Paeonia japonica","M_PL_057"
"Paliavana sericiflora","M_PL_074_09; M_PL_074_17"
"Palicourea acetosoides","M_PL_074_02; M_PL_074_03; M_PL_074_05; M_PL_074_16"
"Palicourea anderssoniana","M_PL_074_01"
"Palicourea angustifolia","M_PL_074_03"
"Palicourea crocea","M_PL_074_04; M_PL_074_06; M_PL_074_11"
"Palicourea cuatrecasasii","M_PL_074_03"
"Palicourea demissa","M_PL_074_01; M_PL_074_02; M_PL_074_05"
"Palicourea fastigiata","M_PL_074_06"
"Palicourea lasiantha","M_PL_074_06"
"Palicourea lineata","M_PL_074_02"
"Palicourea marcgravii","M_PL_074_09"
"Palicourea ovalis","M_PL_074_03"
"Palicourea rigida","M_PL_074_09"
"Palicourea sodiroi","M_PL_074_01"
"Palicourea subspicata","M_PL_071"
"Pandanus barklyi","M_PL_060_07; M_PL_060_08"
"Pandanus odoratissimus","M_PL_044"
"Pandanus rigidifolius","M_PL_060_12"
"Pandanus wiehii","M_PL_060_04; M_PL_060_05; M_PL_060_07"
"Papaver radicatum","M_PL_024"
"Paragenipa wrightii","M_PL_061_01; M_PL_061_03; M_PL_061_04; M_PL_061_07; M_PL_061_08; M_PL_061_13; M_PL_061_16; M_PL_061_18; M_PL_061_19; M_PL_061_20; M_PL_061_21; M_PL_061_24; M_PL_061_25; M_PL_061_28; M_PL_061_32; M_PL_061_36; M_PL_061_37; M_PL_061_39; M_PL_061_40; M_PL_061_44; M_PL_061_47; M_PL_061_48"
"Paraserianthes falcataria","M_PL_061_28"
"Passiflora involucrata","M_PL_074_06"
"Passiflora kermesina","M_PL_064"
"Passiflora mixta","M_PL_068"
"Passiflora quadriglandulosa","M_PL_074_06"
"Passiflora speciosa","M_PL_064"
"Passiflora spinosa","M_PL_074_06"
"Passiflora vitifolia","M_PL_071"
"Patrinia triloba palmata","M_PL_056"
"Patrinia villosa","M_PL_056; M_PL_057"
"Pavonia schwackei","M_PL_074_09"
"Payparola hulkiana","M_PL_071"
"Pedicularis flammea","M_PL_045"
"Pedicularis resupinata","M_PL_056"
"Pellegrinia hirsuta","M_PL_074_12"
"Penstemon gentianoides","M_PL_070"
"Penstemon roseus","M_PL_070"
"Pentachondra pumila","M_PL_019"
"Periandra mediterranea","M_PL_074_09"
"Pernettya prostrata","M_PL_068"
"Persicaria aestiva","M_PL_057"
"Persicaria chinensis","M_PL_044"
"Persicaria conspicua","M_PL_055; M_PL_057"
"Persicaria nipponensis","M_PL_055"
"Persicaria pubescens","M_PL_057"
"Persicaria sieboldi","M_PL_055"
"Persicaria thunbergii","M_PL_054; M_PL_055; M_PL_057"
"Persicaria yokusaiana","M_PL_054; M_PL_055; M_PL_057"
"Peucedanum joponicum","M_PL_044"
"Phebalium ovatifolium","M_PL_019"
"Philadelphus coronarius","M_PL_054"
"Philadelphus satsumi","M_PL_056"
"Phlox subulata","M_PL_054"
"Phoenicophorium borsigianum","M_PL_061_04; M_PL_061_05; M_PL_061_06; M_PL_061_07; M_PL_061_08; M_PL_061_11; M_PL_061_12; M_PL_061_13; M_PL_061_14; M_PL_061_16; M_PL_061_21; M_PL_061_30; M_PL_061_31; M_PL_061_37; M_PL_061_38; M_PL_061_39; M_PL_061_40; M_PL_061_45; M_PL_061_46; M_PL_061_47"
"Photinia glabra","M_PL_054"
"Phragmites communis","M_PL_055"
"Phyllanthus phillyreifolius","M_PL_060_05; M_PL_060_06; M_PL_060_07; M_PL_060_08; M_PL_060_19; M_PL_060_22; M_PL_060_23; M_PL_060_24"
"Physocalyx major","M_PL_074_09"
"Phytolacca americana","M_PL_054"
"Picris hieracioides japonica","M_PL_056"
"Pieris japonica","M_PL_054"
"Pilosocereus aurisetus","M_PL_074_17"
"Pilosocereus gounellei","M_PL_067"
"Pimelea ligustrina","M_PL_019"
"Piper kadzura","M_PL_044"
"Piptolepis imbricata","M_PL_074_09"
"Piptolepis leptospermoides","M_PL_074_17"
"Pitcairnia heterophylla","M_PL_074_15"
"Pitcairnia nigra","M_PL_074_01; M_PL_074_02; M_PL_074_05"
"Pitcairnia sodiroi","M_PL_074_02"
"Pithecellobium mangens","M_PL_065"
"Pithecoseris pacourinoides","M_PL_067"
"PittosPorum tobira","M_PL_044"
"Pittosporum senacia","M_PL_060_05; M_PL_060_08; M_PL_060_09; M_PL_061_16; M_PL_061_40; M_PL_061_46"
"Plantago asiatica","M_PL_057"
"Plantago lanceolata","M_PL_006"
"Plantago major","M_PL_017"
"Pleurostylia leucocarpa","M_PL_060_12"
"Plumbago scandens","M_PL_067"
"Poa pratensis","M_PL_056"
"Podophyllum peltatum","M_PL_025"
"Polemonium caeruleum yezoense","M_PL_056"
"Pollia japonica","M_PL_044; M_PL_054; M_PL_057"
"Polygonatum lasianthum","M_PL_056"
"Polygonatum macranthum","M_PL_056"
"Polygonum amphibium","M_PL_073"
"Polygonum viviparum","M_PL_045"
"Polymnia uvedalia","M_PL_073"
"Polyscias mauritiana","M_PL_060_04; M_PL_060_05; M_PL_060_06"
"Potentilla egedei","M_PL_055"
"Potentilla freyniana","M_PL_056"
"Potentilla rubricaulis","M_PL_045"
"Potentilla sundaica","M_PL_057"
"Potentilla vahliana","M_PL_024"
"Prasophyllum alpinum","M_PL_019"
"Premna corymbosa","M_PL_044"
"Premna microphylla","M_PL_044"
"Premna serratifolia","M_PL_061_06; M_PL_061_26; M_PL_061_27; M_PL_061_28; M_PL_061_29; M_PL_061_32"
"Prenanthes tanakae","M_PL_055"
"Primula veris","M_PL_007"
"Prostanthera cuneata","M_PL_019"
"Proteopsis argentea","M_PL_074_09"
"Prunella vulgaris","M_PL_006; M_PL_055; M_PL_070"
"Prunus jamasakura","M_PL_057"
"Prunus maximowiczii","M_PL_056"
"Prunus nipponica","M_PL_056"
"Prunus tomentosa","M_PL_054"
"Psammisia aberrans","M_PL_074_01; M_PL_074_02; M_PL_074_05"
"Psammisia ecuadorensis","M_PL_074_01; M_PL_074_02"
"Psammisia oreogenes","M_PL_074_01"
"Psammisia pauciflora","M_PL_074_01"
"Psammisia sodiroi","M_PL_074_01; M_PL_074_02"
"Psammisia ulbrichiana","M_PL_074_01; M_PL_074_02; M_PL_074_05"
"Psathura terniflora","M_PL_060_20"
"Pseudostellaria heterantha","M_PL_056"
"Psiadia terebinthina","M_PL_060_01; M_PL_060_02; M_PL_060_03; M_PL_060_04; M_PL_060_05; M_PL_060_06; M_PL_060_07; M_PL_060_08; M_PL_060_13; M_PL_060_14; M_PL_060_15; M_PL_060_16; M_PL_060_17; M_PL_060_18; M_PL_060_19; M_PL_060_20; M_PL_060_24"
"Psidium cattleianum","M_PL_060_16; M_PL_060_17; M_PL_060_18; M_PL_060_19; M_PL_060_20; M_PL_060_24; M_PL_061_12; M_PL_061_26; M_PL_061_27; M_PL_061_28; M_PL_061_29"
"Psittacanthus calyculatus","M_PL_065"
"Psittacanthus cucullaris","M_PL_074_06"
"Psittacanthus dichrous","M_PL_063; M_PL_074_07; M_PL_074_08; M_PL_074_10; M_PL_074_13"
"Psittacanthus lasianthus","M_PL_071"
"Psittacanthus rhynchanthus","M_PL_074_14"
"Pslicourea quadrifolia","M_PL_071"
"Psoralea bituminosa","M_PL_058"
"Psychotria bahiensis","M_PL_071"
"Psychotria costivenia","M_PL_074_14"
"Psychotria homalosperma","M_PL_044"
"Psychotria leiocarpa","M_PL_063"
"Psychotria mapourioides","M_PL_074_04"
"Psychotria muscosa","M_PL_074_04"
"Psychotria nemorosa","M_PL_074_07"
"Psychotria nuda","M_PL_074_07; M_PL_074_08; M_PL_074_13; M_PL_074_18"
"Psychotria peppigiana","M_PL_071"
"Psychotria pervillei","M_PL_061_04; M_PL_061_05; M_PL_061_06; M_PL_061_07; M_PL_061_12; M_PL_061_13; M_PL_061_19; M_PL_061_20; M_PL_061_21; M_PL_061_22; M_PL_061_23; M_PL_061_38; M_PL_061_44; M_PL_061_45"
"Psychotria platypoda","M_PL_071"
"Psychotria sepens","M_PL_044"
"Psychotria suterella","M_PL_069_01"
"Psychotria vellosiana","M_PL_074_17"
"Psyllocarpus laricoides","M_PL_074_09"
"Ptantago asiatica","M_PL_055"
"Puya clava-herculis","M_PL_068"
"Puya pseudoeryngioides","M_PL_074_12"
"Pyracantha angustifolia","M_PL_054"
"Pyracantha crenulata","M_PL_054"
"Pyrola alpina","M_PL_056"
"Pyrola grandiflora","M_PL_045"
"Pyrola incarnata","M_PL_056"
"Pyrola secunda","M_PL_004"
"Pyrostegia venusta","M_PL_063; M_PL_074_11"
"Pyrostria fasciculata","M_PL_060_07; M_PL_060_10"
"Qualea multiflora","M_PL_074_11"
"Quararibea lasiocalyx","M_PL_074_06"
"Quesnelia arvensis","M_PL_074_07"
"Quesnelia humilis","M_PL_074_07"
"Quesnelia marmorata","M_PL_074_07"
"Rabdosia longituba","M_PL_057"
"Rabdosia trichocarpa","M_PL_057"
"Racinaea tetrantha","M_PL_068"
"Ranunculus acris","M_PL_006; M_PL_007"
"Ranunculus japonicus","M_PL_055; M_PL_056"
"Ranunculus sieboldii","M_PL_044"
"Ranunculus silerifolius","M_PL_057"
"Reldia grandiflora","M_PL_074_03"
"Renealmia sessilifolia","M_PL_074_01; M_PL_074_02; M_PL_074_05"
"Retiniphyllum rhabdocalyx","M_PL_071"
"Reynoutria japonica","M_PL_044; M_PL_056; M_PL_057"
"Rhamnella franguloides","M_PL_044"
"Rhaphiolepis indica","M_PL_044"
"Rhododendron degronianum","M_PL_056"
"Rhododendron kaempferi","M_PL_057"
"Rhododendron lapponicum","M_PL_045"
"Rhododendron macrosepalum","M_PL_054"
"Rhododendron mucronata","M_PL_054"
"Rhododendron oomurasalei","M_PL_054"
"Rhododendron tashiroi","M_PL_044"
"Rhododendron wadanum","M_PL_056"
"Rhus javanica","M_PL_054; M_PL_057"
"Rhus sylvestris","M_PL_054"
"Rhynchotechum discolor","M_PL_044"
"Ribes incarnatum","M_PL_074_12"
"Ribes magellanicum","M_PL_051"
"Ribes maximowiczianum","M_PL_056"
"Richea continentis","M_PL_019"
"Rodgersia podophylla","M_PL_056"
"Rogiera cordata","M_PL_074_14"
"Rorippa indica","M_PL_057"
"Rosa borboniana","M_PL_054"
"Rosa eglanteria","M_PL_051"
"Rosa multtlflora","M_PL_055"
"Roscheria melanochaetes","M_PL_061_09; M_PL_061_11; M_PL_061_15; M_PL_061_18; M_PL_061_19; M_PL_061_20; M_PL_061_21; M_PL_061_23; M_PL_061_36; M_PL_061_37; M_PL_061_38; M_PL_061_43; M_PL_061_45; M_PL_061_47"
"Rosmarinus officinalis","M_PL_058"
"Roussea simplex","M_PL_060_01; M_PL_060_02; M_PL_060_03; M_PL_060_04; M_PL_060_05"
"Rovaeanthus strigosus","M_PL_074_14; M_PL_074_15"
"Rubus alcefolius","M_PL_060_24"
"Rubus buergeri","M_PL_057"
"Rubus crataegifolius","M_PL_057"
"Rubus croceacanthus","M_PL_044"
"Rubus fruticosus","M_PL_017"
"Rubus grayanus","M_PL_044"
"Rubus idaeus","M_PL_056"
"Rubus palmatus","M_PL_057"
"Rubus pungens","M_PL_056"
"Rubus rosaefolius","M_PL_064"
"Rubus sieboldii","M_PL_044"
"Rudbeckia hirta","M_PL_073"
"Rudbeckia laciniata","M_PL_073"
"Ruellia asperula","M_PL_067"
"Ruellia brevifolia","M_PL_064"
"Ruellia densa","M_PL_074_09"
"Ruellia elegans","M_PL_074_18"
"Ruellia subsessilis","M_PL_064"
"Russelia sarmentosa","M_PL_074_14"
"Ruta chalepensis","M_PL_058"
"Ryania pyrifera","M_PL_071"
"Ryania speciosa","M_PL_074_04"
"Sabicea grisea","M_PL_074_08; M_PL_074_13; M_PL_074_18"
"Sagittaria trifolia","M_PL_055"
"Salix fragilis","M_PL_033"
"Salsola komarovii","M_PL_044"
"Salvia chiapensis","M_PL_074_15"
"Salvia elegans","M_PL_070"
"Salvia japonica","M_PL_055"
"Salvia mocinoi","M_PL_070"
"Salvia quitensis","M_PL_074_05"
"Salvia scutellarioides","M_PL_074_03"
"Salvia tonalensis","M_PL_074_14"
"Salvia urica","M_PL_074_15"
"Sambucus racemosa","M_PL_057"
"Sanchezia munita","M_PL_074_06"
"Sanchezia putumayensis","M_PL_074_06"
"Sangiunaria canadensis","M_PL_025"
"Saracha punctata","M_PL_074_12"
"Sarcopera anomala","M_PL_074_02"
"Satchys tenuifolia","M_PL_073"
"Satyria panurensis","M_PL_071"
"Saurauia scabrida","M_PL_074_14; M_PL_074_15"
"Saxifraga caespitosa","M_PL_045"
"Saxifraga tricuspidata","M_PL_045"
"Scabiosa japonica","M_PL_056"
"Scabiosa stellata","M_PL_058"
"Scaevola frutescens","M_PL_044"
"Schefflera octophylla","M_PL_044"
"Schima wallichii","M_PL_044"
"Schinus patagonicus","M_PL_051"
"Schwartzia adamantium","M_PL_074_09"
"Schwartzia brasiliensis","M_PL_074_07; M_PL_074_08; M_PL_074_10; M_PL_074_13"
"Scirpus triqueter","M_PL_055"
"Scleria terrestris","M_PL_044"
"Scrophularia marilandica","M_PL_073"
"Securinega suffruticosa","M_PL_044; M_PL_054"
"Sedum aizoon","M_PL_056"
"Sedum formosanum","M_PL_044"
"Sedum sediforme","M_PL_058"
"Senecio cannabifolius","M_PL_056"
"Senecio gunnii","M_PL_019"
"Senecio jacobea","M_PL_017"
"Senecio lautus","M_PL_019"
"Senecio nemorensis","M_PL_056"
"Senecio nikoensis","M_PL_057"
"Senecio pectinatus","M_PL_019"
"Senecio pierotii","M_PL_055"
"Serissa japonica","M_PL_054"
"Serjania lethalis","M_PL_074_11"
"Serjania mexicana","M_PL_074_14"
"Serratula coronata insularis","M_PL_056"
"Sideroxylon cinereum","M_PL_060_01; M_PL_060_02; M_PL_060_04; M_PL_060_13; M_PL_060_14; M_PL_060_15"
"Sideroxylon puberulum","M_PL_060_05; M_PL_060_06; M_PL_060_07; M_PL_060_17; M_PL_060_18; M_PL_060_19"
"Silene acaulis","M_PL_045"
"Sinningia cooperi","M_PL_063"
"Sinningia douglasii","M_PL_069_01"
"Sinningia elatior","M_PL_063"
"Sinningia glazioviana","M_PL_063"
"Siphocampylus convolvulaceus","M_PL_063"
"Siphocampylus fimbriatus","M_PL_074_17"
"Siphocampylus giganteus","M_PL_068"
"Siphocampylus lauroanus","M_PL_063"
"Siphocampylus longipedunculatus","M_PL_063"
"Siphocampylus paramicola","M_PL_068"
"Sisyranthus trichostomus","M_PL_013"
"Smilacina trifolia","M_PL_033"
"Smilax anceps","M_PL_060_07; M_PL_060_08; M_PL_060_22"
"Solanum carolinense","M_PL_073"
"Solanum melongena","M_PL_055"
"Solenophora glomerata","M_PL_074_15"
"Solidago virgaurea asiatica","M_PL_056"
"Sonchus tenerrinus","M_PL_058"
"Sorbus commixta","M_PL_056"
"Soulamea terminaloides","M_PL_061_01; M_PL_061_09; M_PL_061_10; M_PL_061_15; M_PL_061_18; M_PL_061_24; M_PL_061_46"
"Spathacanthus parviflorus","M_PL_074_15"
"Spiraea alba","M_PL_033"
"Spiraea blumei","M_PL_054"
"Spiraea cantoniensis","M_PL_054"
"Spiraea thunbergii","M_PL_054"
"Spiraea tossensis","M_PL_054"
"Spiranthes sinensis","M_PL_054"
"Spirotheca rivieri","M_PL_063; M_PL_074_10"
"Stachytarpheta cayennensis","M_PL_074_13; M_PL_074_18"
"Stachytarpheta glabra","M_PL_074_17"
"Stachytarpheta mexiae","M_PL_074_17"
"Stachyurus praecox","M_PL_057"
"Stackhousia pulvinaris","M_PL_019"
"Staelia galioides","M_PL_067"
"Staphylea bumalda","M_PL_057"
"Stauntonia hexaPhylla","M_PL_044"
"Stellaria alsine","M_PL_057"
"Stellaria media","M_PL_055"
"Stellaria pubera","M_PL_025"
"Stellaria uchiyamana","M_PL_057"
"Stenactis annuus","M_PL_054; M_PL_057"
"Stenostephanus monolophus","M_PL_074_15"
"Stenostephanus sanguineus","M_PL_074_03"
"Stephanandra incisa","M_PL_057"
"Stewartia monadelpha","M_PL_054"
"Stigmaphyllon auriculatum","M_PL_059"
"Stigmaphyllon ciliatum","M_PL_059"
"Stigmaphyllon paralias","M_PL_059"
"Stillingia lineata","M_PL_060_03; M_PL_060_04; M_PL_060_05; M_PL_060_06; M_PL_060_07; M_PL_060_08; M_PL_060_09; M_PL_060_10; M_PL_060_11; M_PL_060_12; M_PL_060_15; M_PL_060_16; M_PL_060_17; M_PL_060_18; M_PL_060_19; M_PL_060_20; M_PL_060_21; M_PL_060_22; M_PL_060_23; M_PL_060_24"
"Streptosolen jamesonii","M_PL_074_03"
"Stromanthe stromanthoides","M_PL_074_05"
"Stylidium graminifolium","M_PL_019"
"Styrax camporum","M_PL_074_11"
"Styrax glabrescens","M_PL_074_15"
"Styrax japonica","M_PL_044"
"Swertia bimaculata","M_PL_057"
"Swida macrophylla","M_PL_054; M_PL_057"
"Swida stlonifera","M_PL_054"
"Symphiotrichum lanceolatum","M_PL_073"
"Symphonia globulifera","M_PL_071; M_PL_074_04"
"Symplocos chinensis","M_PL_057"
"Symplocos longipes","M_PL_074_14"
"Symplocos microcalyx","M_PL_044"
"Synurus pungens","M_PL_056"
"Syringa vulgaris","M_PL_054"
"Syzygium commersonii","M_PL_060_10; M_PL_060_11"
"Syzygium coriaceum","M_PL_060_08; M_PL_060_09; M_PL_060_10; M_PL_060_11; M_PL_060_20; M_PL_060_21; M_PL_060_22; M_PL_060_23"
"Syzygium glomeratum","M_PL_060_12"
"Syzygium jambos","M_PL_074_04; M_PL_074_08"
"Syzygium malaccense","M_PL_074_06"
"Syzygium mauritianum","M_PL_060_11"
"Syzygium petrinese","M_PL_060_10; M_PL_060_11; M_PL_060_12; M_PL_060_23; M_PL_060_24"
"Syzygium venosum","M_PL_060_04"
"Syzygium wrightii","M_PL_061_05; M_PL_061_06; M_PL_061_18; M_PL_061_21; M_PL_061_24; M_PL_061_37; M_PL_061_45; M_PL_061_46"
"Tabebuia cassinoides","M_PL_074_08"
"Tabebuia donnell-smithii","M_PL_065"
"Tabebuia impetiginosa","M_PL_067"
"Tabebuia stenocalyx","M_PL_074_04"
"Tabernaemontana cymosa","M_PL_074_04"
"Tabernaemontana persicarifolia","M_PL_060_08; M_PL_060_09; M_PL_060_20"
"Tabernamontana macrocalyx","M_PL_071"
"Tachia occidentalis","M_PL_071"
"Tachigali paniculata","M_PL_074_06"
"Tacinga inamoena","M_PL_067"
"Tacinga palmadora","M_PL_067"
"Talipariti tiliaceum","M_PL_074_08"
"Taraxacum hondoense","M_PL_056"
"Taraxacum japonicum","M_PL_054; M_PL_055"
"Taraxacum officinale","M_PL_006; M_PL_007"
"Thalictrum filamentosum tenerum","M_PL_056"
"Thalictrum thalictroides","M_PL_025"
"Thibaudia floribunda","M_PL_074_03"
"Thymelaea hirusta","M_PL_058"
"Tiarella cordifolia collina","M_PL_025"
"Tilia japonica","M_PL_054"
"Tilia miqueliana","M_PL_054"
"Tillandsia bartramii","M_PL_065"
"Tillandsia complanata","M_PL_068; M_PL_074_02"
"Tillandsia dasyrifolia","M_PL_065"
"Tillandsia dura","M_PL_063"
"Tillandsia fasciculata","M_PL_074_04"
"Tillandsia gardneri","M_PL_074_07; M_PL_074_17"
"Tillandsia geminiflora","M_PL_063; M_PL_074_07; M_PL_074_13; M_PL_074_18"
"Tillandsia guatemalensis","M_PL_074_15"
"Tillandsia orbicularis","M_PL_068"
"Tillandsia paucifolia","M_PL_065"
"Tillandsia ponderosa","M_PL_074_15"
"Tillandsia stricta","M_PL_063; M_PL_074_07; M_PL_074_10"
"Tillandsia utriculata","M_PL_074_04"
"Timonius sechellensis","M_PL_061_05"
"Toddalia asiatica","M_PL_060_01; M_PL_060_02; M_PL_060_03; M_PL_060_04; M_PL_060_14; M_PL_060_15"
"Torilis japonica","M_PL_017; M_PL_054; M_PL_057"
"Tradescantia ohiensis","M_PL_054"
"Trema orientalis","M_PL_044"
"Trichanthera gigantea","M_PL_074_16"
"Trientalis borealis","M_PL_004"
"Trifolium dubium","M_PL_006; M_PL_007"
"Trifolium pratense","M_PL_006; M_PL_017"
"Trifolium repens","M_PL_006; M_PL_007; M_PL_054; M_PL_057"
"Trigonotis brevipes","M_PL_057"
"Trillium catesbei","M_PL_025"
"Trillium undulatum","M_PL_004"
"Triplaris americana","M_PL_074_14"
"Tristerix corymbosus","M_PL_051"
"Tristerix longebracteatus","M_PL_068; M_PL_074_12"
"Tristhema mauritiana","M_PL_060_10; M_PL_060_11; M_PL_060_20"
"Triumfetta speciosa","M_PL_074_14"
"Trixis vauthieri","M_PL_074_17"
"Trochetia blackburniana","M_PL_060_13; M_PL_060_14; M_PL_060_15"
"Trollius hondoensis","M_PL_056"
"Tropaeolum bicolor","M_PL_074_12"
"Turraea rigida","M_PL_060_08; M_PL_060_09"
"Ulmus davidiana","M_PL_054"
"Urospermum picrioides","M_PL_058"
"Uvularia sessilifolia","M_PL_025"
"VVedelia biflora","M_PL_044"
"Vaccinium floribundum","M_PL_068; M_PL_074_12"
"Vaccinium myrtilloides","M_PL_033"
"Vaccinium oldhami","M_PL_054"
"Vaccinium uliginosum","M_PL_045"
"Vaccinium wrightii","M_PL_044"
"Valeriana flaccidissima","M_PL_057"
"Vellozia epidendroides","M_PL_074_17"
"Vellozia hirsuta","M_PL_074_09"
"Veratrum album oxysepalum","M_PL_056"
"Veratrum maackii","M_PL_056"
"Verbena hastata","M_PL_073"
"Verbena urticifolia","M_PL_073"
"Verbesina alternifolia","M_PL_073"
"Vernonanthura phosphorica","M_PL_074_17"
"Veronica persica","M_PL_054"
"Veronicastrum sibiricum","M_PL_054; M_PL_056"
"Viburnum dilatatum","M_PL_054"
"Viburnum erosum","M_PL_054"
"Viburnum furcatum","M_PL_056"
"Viburnum opulus","M_PL_056"
"Viburnum phlebotricum","M_PL_057"
"Viburnum plicatum","M_PL_057"
"Viburnum suspensum","M_PL_054"
"Vicea lutea","M_PL_058"
"Vicia cracca","M_PL_006"
"Vicia nigricans","M_PL_051"
"Vicia sativa","M_PL_006"
"Vicia venosa","M_PL_057"
"Vigna marina","M_PL_044"
"Viola grypoceras","M_PL_056"
"Viola mandshurica","M_PL_054"
"Viola papilionacea","M_PL_025"
"Viola pseudo-japonica","M_PL_044"
"Viola verecunda","M_PL_057"
"Viscaria alpina","M_PL_045"
"Vitex cannabifolia","M_PL_054"
"Vitex divaricata","M_PL_074_04"
"Vitex mollis","M_PL_065"
"Vitex rotundifolia","M_PL_044"
"Vochysia discolor","M_PL_074_09"
"Vochysia emarginata","M_PL_074_17"
"Vochysia tucanorum","M_PL_074_11"
"Vriesea carinata","M_PL_063; M_PL_069_01"
"Vriesea chrysostachys","M_PL_071"
"Vriesea ensiformis","M_PL_074_07; M_PL_074_08; M_PL_074_10; M_PL_074_13"
"Vriesea erythrodactylon","M_PL_063; M_PL_069_01"
"Vriesea flammea","M_PL_074_07"
"Vriesea incurvata","M_PL_063; M_PL_069_01; M_PL_074_07"
"Vriesea inflata","M_PL_063"
"Vriesea medusa","M_PL_074_17"
"Vriesea philippocoburgii","M_PL_074_07; M_PL_074_10"
"Vriesea platynema","M_PL_074_10"
"Vriesea procera","M_PL_074_04; M_PL_074_07; M_PL_074_08; M_PL_074_13; M_PL_074_17; M_PL_074_18"
"Vriesea rodigasiana","M_PL_074_07; M_PL_074_08; M_PL_074_10; M_PL_074_18"
"Vriesea scalaris","M_PL_074_07"
"Vriesea simplex","M_PL_063"
"Vriesea tequendamae","M_PL_074_03"
"Vriesea vagans","M_PL_069_01; M_PL_074_10"
"Wahlenbergia ceracea","M_PL_019"
"Walteria rotundifolia","M_PL_067"
"Warneckea trinervis","M_PL_060_06; M_PL_060_07; M_PL_060_18; M_PL_060_19; M_PL_060_21"
"Warszewiczia coccinea","M_PL_074_04"
"Weigela decora","M_PL_056"
"Weigela hortensis","M_PL_054; M_PL_057"
"Wendtandia formosana","M_PL_044"
"Wigandia urens","M_PL_074_15"
"Wikstroemia indica","M_PL_060_18; M_PL_060_19"
"Wisteria floribunda","M_PL_054; M_PL_057"
"Wittrockia superba","M_PL_063"
"Xylopia lamarckii","M_PL_060_09"
"Xysmalobium gerrardii","M_PL_013"
"Xysmalobium involucratum","M_PL_013"
"Youngia denticulata","M_PL_057"
"Youngia japonica","M_PL_044"
"Zygia lathetica","M_PL_071"
